timestamp,elapsed_s,uptime_s,ping,netdev_rx_pkt,netdev_tx_pkt,netdev_rx_bytes,netdev_tx_bytes,bam_dma_irq,bam_dmux_irq,rx_callbacks,rx_queued_buffers,rx_slots_submitted,rx_slots_free,rx_submit_failed,rx_last_cb_ms,runtime_status,wds_rx_ok,wds_tx_ok,wds_rx_drop,wds_tx_drop,modem_state,reg_state,packet_state,signal_quality
1788778452,0,73.0,1,16,18,1789,1636,54,5,31,32,32,0,0,10,active,16,18,0,0,connected,home,attached,84
1788778458,5,78.3,1,19,21,2025,1908,60,5,34,32,32,0,0,11,active,19,21,0,0,connected,home,attached,81
1788778463,10,83.7,1,20,22,2109,2004,62,5,35,32,32,0,0,11,active,20,22,0,0,connected,home,attached,81
1788778468,15,89.0,1,21,23,2193,2100,64,5,36,32,32,0,0,12,active,21,23,0,0,connected,home,attached,81
1788778474,21,94.4,1,22,24,2277,2196,66,5,37,32,32,0,0,12,active,22,24,0,0,connected,home,attached,81
1788778479,26,99.8,1,23,25,2361,2292,68,5,38,32,32,0,0,12,active,23,25,0,0,connected,home,attached,81
1788778484,32,105.1,1,26,28,2597,2564,74,5,41,32,32,0,0,11,active,26,28,0,0,connected,home,attached,81
1788778490,37,110.5,1,29,31,2833,2836,80,5,44,32,32,0,0,11,active,29,31,0,0,connected,home,attached,81
1788778495,42,115.8,1,30,32,2917,2932,82,5,45,32,32,0,0,12,active,30,32,0,0,connected,home,attached,81
1788778501,48,121.2,1,31,33,3001,3028,84,5,46,32,32,0,0,11,active,31,33,0,0,connected,home,attached,81
1788778506,53,126.6,1,32,34,3085,3124,86,5,47,32,32,0,0,14,active,32,34,0,0,connected,home,attached,81
1788778511,58,132.0,1,33,35,3169,3220,88,5,48,32,32,0,0,11,active,33,35,0,0,connected,home,attached,81
1788778517,64,137.4,1,36,38,3405,3492,93,5,51,32,32,0,0,15,active,36,38,0,0,connected,home,attached,81
1788778522,69,142.7,1,39,41,3641,3764,99,5,54,32,32,0,0,12,active,39,41,0,0,connected,home,attached,81
1788778527,74,148.2,1,40,42,3725,3860,101,5,55,32,32,0,0,12,active,40,42,0,0,connected,home,attached,81
1788778533,80,153.5,1,41,43,3809,3956,103,5,56,32,32,0,0,12,active,41,43,0,0,connected,home,attached,81
1788778538,85,158.8,1,42,44,3893,4052,105,5,57,32,32,0,0,11,active,42,44,0,0,connected,home,attached,81
1788778544,91,164.3,1,43,45,3977,4148,107,5,58,32,32,0,0,11,active,43,45,0,0,connected,home,attached,81
1788778549,96,169.6,1,45,47,4137,4332,111,5,60,32,32,0,0,11,active,45,47,0,0,connected,home,attached,81
1788778554,101,174.9,1,49,51,4449,4692,119,5,64,32,32,0,0,11,active,49,51,0,0,connected,home,attached,81
1788778560,107,180.3,1,50,52,4533,4788,121,5,65,32,32,0,0,10,active,50,52,0,0,connected,home,attached,81
1788778565,112,185.7,1,51,53,4617,4884,123,5,66,32,32,0,0,11,active,51,53,0,0,connected,home,attached,81
1788778570,117,191.1,1,52,54,4701,4980,125,5,67,32,32,0,0,11,active,52,54,0,0,connected,home,attached,78
1788778576,123,196.4,1,53,55,4785,5076,127,5,68,32,32,0,0,12,active,53,55,0,0,connected,home,attached,78
1788778581,128,201.8,1,54,56,4869,5172,129,5,69,32,32,0,0,11,active,54,56,0,0,connected,home,attached,83
1788778587,134,207.2,1,59,61,5257,5620,139,5,74,32,32,0,0,11,active,59,61,0,0,connected,home,attached,83
1788778592,139,212.7,1,60,62,5341,5716,141,5,75,32,32,0,0,11,active,60,62,0,0,connected,home,attached,83
1788778597,144,218.1,1,61,63,5425,5812,143,5,76,32,32,0,0,12,active,61,63,0,0,connected,home,attached,83
1788778603,150,223.4,1,62,64,5509,5908,145,5,77,32,32,0,0,11,active,62,64,0,0,connected,home,attached,83
1788778608,155,228.8,1,63,65,5593,6004,147,5,78,32,32,0,0,11,active,63,65,0,0,connected,home,attached,83
1788778613,161,234.2,1,64,66,5677,6100,149,5,79,32,32,0,0,12,active,64,66,0,0,connected,home,attached,83
1788778619,166,239.6,1,69,71,6065,6548,159,5,84,32,32,0,0,11,active,69,71,0,0,connected,home,attached,83
1788778624,171,245.0,1,70,72,6149,6644,161,5,85,32,32,0,0,13,active,70,72,0,0,connected,home,attached,83
1788778630,177,250.3,1,71,73,6233,6740,163,5,86,32,32,0,0,12,active,71,73,0,0,connected,home,attached,83
1788778635,182,255.7,1,72,74,6317,6836,165,5,87,32,32,0,0,11,active,72,74,0,0,connected,home,attached,83
1788778640,187,261.1,1,73,75,6401,6932,167,5,88,32,32,0,0,11,active,73,75,0,0,connected,home,attached,83
1788778646,193,266.5,1,74,76,6485,7028,169,5,89,32,32,0,0,11,active,74,76,0,0,connected,home,attached,83
1788778651,198,271.8,1,79,81,6873,7476,179,5,94,32,32,0,0,11,active,79,81,0,0,connected,home,attached,83
1788778656,204,277.2,1,80,82,6957,7572,181,5,95,32,32,0,0,11,active,80,82,0,0,connected,home,attached,83
1788778662,209,282.6,1,81,83,7041,7668,183,5,96,32,32,0,0,11,active,81,83,0,0,connected,home,attached,83
1788778667,214,288.0,1,82,84,7125,7764,185,5,97,32,32,0,0,11,active,82,84,0,0,connected,home,attached,83
1788778673,220,293.4,1,83,85,7209,7860,187,5,98,32,32,0,0,12,active,83,85,0,0,connected,home,attached,83
1788778678,225,298.7,1,84,86,7293,7956,189,5,99,32,32,0,0,11,active,84,86,0,0,connected,home,attached,81
1788778683,230,304.1,1,89,91,7681,8404,199,5,104,32,32,0,0,11,active,89,91,0,0,connected,home,attached,81
1788778689,236,309.4,1,90,92,7765,8500,201,5,105,32,32,0,0,11,active,90,92,0,0,connected,home,attached,81
1788778694,241,314.8,1,91,93,7849,8596,203,5,106,32,32,0,0,12,active,91,93,0,0,connected,home,attached,81
1788778699,247,320.1,1,92,94,7933,8692,205,5,107,32,32,0,0,11,active,92,94,0,0,connected,home,attached,81
1788778705,252,325.4,1,93,95,8017,8788,207,5,108,32,32,0,0,12,active,93,95,0,0,connected,home,attached,81
1788778710,257,330.8,1,94,96,8101,8884,209,5,109,32,32,0,0,11,active,94,96,0,0,connected,home,attached,78
1788778715,262,336.1,1,98,101,8413,9332,218,5,113,32,32,0,0,11,active,98,101,0,0,connected,home,attached,84
1788778721,268,341.4,1,100,102,8573,9428,221,5,115,32,32,0,0,12,active,100,102,0,0,connected,home,attached,83
1788778726,273,346.6,1,101,103,8657,9524,223,5,116,32,32,0,0,12,active,101,103,0,0,connected,home,attached,83
1788778731,278,352.0,1,102,104,8741,9620,225,5,117,32,32,0,0,11,active,102,104,0,0,connected,home,attached,83
1788778737,284,357.2,1,103,105,8825,9716,227,5,118,32,32,0,0,11,active,103,105,0,0,connected,home,attached,83
1788778742,289,362.5,1,104,106,8909,9812,229,5,119,32,32,0,0,12,active,104,106,0,0,connected,home,attached,78
1788778747,294,367.7,1,106,108,9069,9996,233,5,121,32,32,0,0,12,active,106,108,0,0,connected,home,attached,86
1788778752,299,373.0,1,107,109,9153,10092,235,5,122,32,32,0,0,12,active,107,109,0,0,connected,home,attached,86
1788778758,305,378.3,1,108,110,9237,10188,237,5,123,32,32,0,0,12,active,108,110,0,0,connected,home,attached,86
1788778763,310,383.6,1,109,111,9321,10284,239,5,124,32,32,0,0,11,active,109,111,0,0,connected,home,attached,81
1788778768,315,388.9,1,110,112,9405,10380,241,5,125,32,32,0,0,12,active,110,112,0,0,connected,home,attached,81
1788778774,321,394.3,1,111,113,9489,10476,243,5,126,32,32,0,0,11,active,111,113,0,0,connected,home,attached,83
1788778779,326,399.6,1,112,114,9573,10572,245,5,127,32,32,0,0,12,active,112,114,0,0,connected,home,attached,83
1788778784,331,404.9,1,116,118,9885,10932,253,5,131,32,32,0,0,12,active,116,118,0,0,connected,home,attached,80
1788778790,337,410.3,1,117,119,9969,11028,255,5,132,32,32,0,0,11,active,117,119,0,0,connected,home,attached,80
1788778795,342,415.6,1,118,120,10053,11124,257,5,133,32,32,0,0,12,active,118,120,0,0,connected,home,attached,80
1788778800,347,420.9,1,119,121,10137,11220,259,5,134,32,32,0,0,11,active,119,121,0,0,connected,home,attached,80
1788778806,353,426.3,1,120,122,10221,11316,261,5,135,32,32,0,0,12,active,120,122,0,0,connected,home,attached,80
1788778811,358,431.6,1,121,123,10305,11412,263,5,136,32,32,0,0,12,active,121,123,0,0,connected,home,attached,80
1788778816,363,436.9,1,123,125,10465,11596,267,5,138,32,32,0,0,11,active,123,125,0,0,connected,home,attached,80
1788778822,369,442.1,1,124,126,10549,11692,269,5,139,32,32,0,0,12,active,124,126,0,0,connected,home,attached,80
1788778827,374,447.4,1,125,127,10633,11788,271,5,140,32,32,0,0,11,active,125,127,0,0,connected,home,attached,80
1788778832,379,452.8,1,126,128,10717,11884,273,5,141,32,32,0,0,11,active,126,128,0,0,connected,home,attached,80
1788778838,385,458.2,1,127,129,10801,11980,275,5,142,32,32,0,0,11,active,127,129,0,0,connected,home,attached,80
1788778843,390,463.5,1,128,130,10885,12076,277,5,143,32,32,0,0,12,active,128,130,0,0,connected,home,attached,80
1788778848,395,468.8,1,131,133,11121,12348,283,5,146,32,32,0,0,12,active,131,134,0,0,connected,home,attached,80
1788778853,401,474.1,1,133,135,11281,12532,287,5,148,32,32,0,0,11,active,133,135,0,0,connected,home,attached,80
1788778859,406,479.4,1,134,136,11365,12628,289,5,149,32,32,0,0,12,active,134,136,0,0,connected,home,attached,80
1788778864,411,484.7,1,135,137,11449,12724,291,5,150,32,32,0,0,11,active,135,137,0,0,connected,home,attached,80
1788778869,416,490.0,1,136,138,11533,12820,293,5,151,32,32,0,0,11,active,136,138,0,0,connected,home,attached,80
1788778875,422,495.4,1,137,139,11617,12916,295,5,152,32,32,0,0,11,active,137,139,0,0,connected,home,attached,88
1788778880,427,500.6,1,139,141,11777,13100,299,5,154,32,32,0,0,10,active,139,141,0,0,connected,home,attached,88
1788778885,432,505.8,1,140,142,11861,13196,301,5,155,32,32,0,0,12,active,150,155,0,0,connected,home,attached,88
1788778891,438,511.1,1,141,143,11945,13292,303,5,156,32,32,0,0,11,active,151,156,0,0,connected,home,attached,88
1788778896,443,516.4,1,142,144,12029,13388,305,5,157,32,32,0,0,11,active,152,158,0,0,connected,home,attached,88
1788778901,448,521.6,1,143,145,12113,13484,307,5,158,32,32,0,0,12,active,153,159,0,0,connected,home,attached,84
1788778906,453,526.9,1,144,146,12197,13580,309,5,159,32,32,0,0,12,active,154,160,0,0,connected,home,attached,83
1788778912,459,532.2,1,146,148,12357,13764,313,5,161,32,32,0,0,12,active,156,162,0,0,connected,home,attached,83
1788778917,464,537.5,1,149,151,12593,14036,319,5,164,32,32,0,0,11,active,159,165,0,0,connected,home,attached,84
1788778922,469,542.8,1,150,152,12677,14132,321,5,165,32,32,0,0,11,active,160,166,0,0,connected,home,attached,84
1788778928,475,548.1,1,151,153,12761,14228,323,5,166,32,32,0,0,12,active,161,167,0,0,connected,home,attached,84
1788778933,480,553.5,1,152,154,12845,14324,325,5,167,32,32,0,0,12,active,162,168,0,0,connected,home,attached,89
1788778938,485,558.9,1,153,155,12929,14420,327,5,168,32,32,0,0,11,active,163,169,0,0,connected,home,attached,89
1788778944,491,564.2,1,154,156,13013,14516,329,5,169,32,32,0,0,12,active,164,170,0,0,connected,home,attached,84
1788778949,496,569.6,1,156,158,13173,14700,333,5,171,32,32,0,0,12,active,166,172,0,0,connected,home,attached,84
1788778954,501,575.0,1,157,159,13257,14796,335,5,172,32,32,0,0,12,active,167,173,0,0,connected,home,attached,84
1788778960,507,580.3,1,158,160,13341,14892,337,5,173,32,32,0,0,12,active,168,174,0,0,connected,home,attached,84
1788778965,512,585.7,1,159,161,13425,14988,339,5,174,32,32,0,0,11,active,169,175,0,0,connected,home,attached,84
1788778970,517,591.0,1,160,162,13509,15084,341,5,175,32,32,0,0,12,active,170,176,0,0,connected,home,attached,86
1788778976,523,596.4,1,161,163,13593,15180,343,5,176,32,32,0,0,13,active,171,177,0,0,connected,home,attached,86
1788778981,528,601.8,1,164,166,13829,15452,349,5,179,32,32,0,0,11,active,174,180,0,0,connected,home,attached,86
1788778987,534,607.2,1,166,168,13989,15636,353,5,181,32,32,0,0,11,active,176,182,0,0,connected,home,attached,89
1788778992,539,612.6,1,167,169,14073,15732,355,5,182,32,32,0,0,12,active,177,183,0,0,connected,home,attached,84
1788778997,544,617.9,1,168,170,14157,15828,357,5,183,32,32,0,0,11,active,178,184,0,0,connected,home,attached,84
1788779003,550,623.2,1,169,171,14241,15924,359,5,184,32,32,0,0,11,active,179,185,0,0,connected,home,attached,83
1788779008,555,628.7,1,170,172,14325,16020,361,5,185,32,32,0,0,12,active,180,186,0,0,connected,home,attached,83
1788779013,560,634.0,1,172,174,14485,16204,365,5,187,32,32,0,0,11,active,182,188,0,0,connected,home,attached,83
1788779019,566,639.3,1,173,175,14569,16300,367,5,188,32,32,0,0,12,active,183,189,0,0,connected,home,attached,83
1788779024,571,644.7,1,174,176,14653,16396,369,5,189,32,32,0,0,11,active,184,190,0,0,connected,home,attached,83
1788779029,576,650.1,1,175,177,14737,16492,371,5,190,32,32,0,0,10,active,185,191,0,0,connected,home,attached,88
1788779035,582,655.5,1,176,178,14821,16588,373,5,191,32,32,0,0,12,active,186,192,0,0,connected,home,attached,84
1788779040,587,660.9,1,177,179,14905,16684,375,5,192,32,32,0,0,11,active,187,193,0,0,connected,home,attached,83
1788779046,593,666.2,1,180,182,15141,16956,381,5,195,32,32,0,0,12,active,190,196,0,0,connected,home,attached,83
1788779051,598,671.5,1,182,184,15301,17140,385,5,197,32,32,0,0,12,active,192,198,0,0,connected,home,attached,83
1788779056,603,676.9,1,183,185,15385,17236,387,5,198,32,32,0,0,12,active,193,199,0,0,connected,home,attached,83
1788779062,609,682.2,1,184,186,15469,17332,389,5,199,32,32,0,0,12,active,194,200,0,0,connected,home,attached,83
1788779067,614,687.5,1,185,187,15553,17428,391,5,200,32,32,0,0,12,active,195,201,0,0,connected,home,attached,83
1788779072,619,692.8,1,186,188,15637,17524,393,5,201,32,32,0,0,11,active,196,202,0,0,connected,home,attached,83
1788779077,625,698.2,1,188,190,15797,17708,397,5,203,32,32,0,0,12,active,198,204,0,0,connected,home,attached,83
1788779083,630,703.5,1,189,191,15881,17804,399,5,204,32,32,0,0,11,active,199,205,0,0,connected,home,attached,83
1788779088,635,708.9,1,190,192,15965,17900,401,5,205,32,32,0,0,11,active,200,206,0,0,connected,home,attached,83
1788779094,641,714.3,1,191,193,16049,17996,403,5,206,32,32,0,0,12,active,201,207,0,0,connected,home,attached,83
1788779099,646,719.7,1,192,194,16133,18092,405,5,207,32,32,0,0,12,active,202,208,0,0,connected,home,attached,88
1788779104,651,725.1,1,193,195,16217,18188,407,5,208,32,32,0,0,12,active,203,209,0,0,connected,home,attached,88
1788779110,657,730.5,1,195,197,16377,18372,411,5,210,32,32,0,0,12,active,205,211,0,0,connected,home,attached,83
1788779115,662,735.9,1,198,200,16613,18644,417,5,213,32,32,0,0,12,active,208,214,0,0,connected,home,attached,83
1788779121,668,741.3,1,199,201,16697,18740,419,5,214,32,32,0,0,11,active,209,215,0,0,connected,home,attached,83
1788779126,673,746.7,1,200,202,16781,18836,421,5,215,32,32,0,0,12,active,210,216,0,0,connected,home,attached,83
1788779131,679,752.1,1,201,203,16865,18932,423,5,216,32,32,0,0,12,active,211,217,0,0,connected,home,attached,83
# test
1788779211,831,831.4,1,208,210,17437,19588,437,5,223,32,32,0,0,11,active,218,224,0,0,connected,home,attached,83
1788779216,836,837.0,1,209,211,17521,19684,439,5,224,32,32,0,0,11,active,219,225,0,0,connected,home,attached,83
1788779222,841,842.3,1,210,212,17605,19780,441,5,225,32,32,0,0,12,active,220,226,0,0,connected,home,attached,83
1788779227,847,847.7,1,211,213,17689,19876,443,5,226,32,32,0,0,13,active,221,227,0,0,connected,home,attached,83
1788779232,852,853.0,1,212,214,17773,19972,445,5,227,32,32,0,0,11,active,222,228,0,0,connected,home,attached,88
1788779238,857,858.2,1,213,215,17857,20068,447,5,228,32,32,0,0,11,active,223,229,0,0,connected,home,attached,78
1788779243,863,863.5,1,215,217,18017,20252,451,5,230,32,32,0,0,11,active,225,231,0,0,connected,home,attached,83
1788779248,868,868.8,1,217,219,18177,20436,455,5,232,32,32,0,0,12,active,227,233,0,0,connected,home,attached,91
1788779254,873,874.2,1,218,220,18261,20532,457,5,233,32,32,0,0,12,active,228,234,0,0,connected,home,attached,89
1788779259,879,879.4,1,219,221,18345,20628,459,5,234,32,32,0,0,11,active,229,235,0,0,connected,home,attached,81
1788779264,884,884.7,1,220,222,18429,20724,461,5,235,32,32,0,0,11,active,230,236,0,0,connected,home,attached,81
1788779269,889,890.0,1,221,223,18513,20820,463,5,236,32,32,0,0,11,active,231,237,0,0,connected,home,attached,75
1788779275,894,895.3,1,223,225,18673,21004,467,5,238,32,32,0,0,13,active,233,239,0,0,connected,home,attached,83
1788779280,900,900.6,1,224,226,18757,21100,469,5,239,32,32,0,0,11,active,234,240,0,0,connected,home,attached,83
1788779285,905,905.9,1,225,227,18841,21196,471,5,240,32,32,0,0,11,active,235,241,0,0,connected,home,attached,76
1788779291,910,911.1,1,226,228,18925,21292,473,5,241,32,32,0,0,11,active,236,242,0,0,connected,home,attached,86
1788779296,916,0.0,0,None,None,None,None,0,0,None,None,None,None,None,None,None,None,None,None,None,None,None,None,None
1788779304,924,0.0,0,None,None,None,None,0,0,None,None,None,None,None,None,None,None,None,None,None,None,None,None,None
1788779312,932,0.0,0,None,None,None,None,0,0,None,None,None,None,None,None,None,None,None,None,None,None,None,None,None
1788779320,940,0.0,0,None,None,None,None,0,0,None,None,None,None,None,None,None,None,None,None,None,None,None,None,None
1788779328,948,34.0,0,0,0,0,0,15,2,15,0,0,32,0,21625,suspended,None,None,None,None,None,None,None,None
1788779333,953,39.3,0,0,0,0,0,15,2,15,0,0,32,0,26916,suspended,None,None,None,None,None,None,None,None
1788779339,958,44.5,0,0,1,0,96,17,4,15,32,32,0,0,33150,active,0,1,0,0,connected,home,attached,86
1788779345,965,50.8,1,13,16,1428,1480,45,4,28,32,32,0,0,11,active,13,16,0,0,connected,home,attached,91
1788779350,970,56.1,1,14,17,1512,1576,47,4,29,32,32,0,0,11,active,14,17,0,0,connected,home,attached,91
1788779355,975,61.3,1,18,21,1949,1936,55,4,33,32,32,0,0,12,active,18,21,0,0,connected,home,attached,91
1788779361,980,66.7,1,19,22,2033,2032,57,4,34,32,32,0,0,11,active,19,22,0,0,connected,home,attached,91
1788779366,986,72.0,1,20,23,2117,2128,59,4,35,32,32,0,0,11,active,20,23,0,0,connected,home,attached,91
1788779371,991,77.3,1,21,24,2201,2224,61,4,36,32,32,0,0,11,active,21,24,0,0,connected,home,attached,91
1788779377,996,82.5,1,25,28,2513,2584,69,4,40,32,32,0,0,11,active,25,28,0,0,connected,home,attached,91
1788779382,1002,87.8,1,26,29,2597,2680,71,4,41,32,32,0,0,12,active,26,29,0,0,connected,home,attached,91
1788779387,1007,93.1,1,28,31,2757,2864,75,4,43,32,32,0,0,11,active,28,31,0,0,connected,home,attached,91
1788779392,1012,98.3,1,29,32,2841,2960,77,4,44,32,32,0,0,11,active,29,32,0,0,connected,home,attached,91
1788779398,1018,103.7,1,30,33,2925,3056,79,4,45,32,32,0,0,11,active,30,33,0,0,connected,home,attached,91
1788779403,1023,108.9,1,31,34,3009,3152,81,4,46,32,32,0,0,11,active,31,34,0,0,connected,home,attached,91
1788779408,1028,114.1,1,35,38,3321,3512,89,4,50,32,32,0,0,11,active,35,38,0,0,connected,home,attached,91
1788779414,1033,119.4,1,36,39,3405,3608,91,4,51,32,32,0,0,11,active,36,39,0,0,connected,home,attached,91
1788779419,1039,124.6,1,38,41,3565,3792,95,4,53,32,32,0,0,12,active,38,41,0,0,connected,home,attached,91
1788779424,1044,130.0,1,39,42,3649,3888,97,4,54,32,32,0,0,11,active,39,42,0,0,connected,home,attached,91
1788779429,1049,135.2,1,40,43,3733,3984,99,4,55,32,32,0,0,11,active,40,43,0,0,connected,home,attached,91
1788779435,1054,140.6,1,41,44,3817,4080,101,4,56,32,32,0,0,11,active,41,44,0,0,connected,home,attached,91
1788779440,1060,145.9,1,44,47,4053,4352,107,4,59,32,32,0,0,11,active,44,47,0,0,connected,home,attached,91
1788779445,1065,151.2,1,46,49,4213,4536,111,4,61,32,32,0,0,11,active,46,49,0,0,connected,home,attached,91
1788779451,1070,156.6,1,48,51,4373,4720,115,4,63,32,32,0,0,12,active,48,51,0,0,connected,home,attached,84
1788779456,1076,161.9,1,49,52,4457,4816,117,4,64,32,32,0,0,12,active,49,52,0,0,connected,home,attached,92
1788779461,1081,167.2,1,50,53,4541,4912,119,4,65,32,32,0,0,11,active,50,53,0,0,connected,home,attached,92
1788779467,1086,172.6,1,51,54,4625,5008,121,4,66,32,32,0,0,11,active,51,54,0,0,connected,home,attached,92
1788779978,683,683.4,1,113,116,9489,10616,245,4,128,32,32,0,0,11,active,113,116,0,0,connected,home,attached,91
1788779983,688,688.8,1,115,118,9649,10800,249,4,130,32,32,0,0,11,active,115,118,0,0,connected,home,attached,91
1788779988,693,694.1,1,116,119,9733,10896,251,4,131,32,32,0,0,11,active,116,119,0,0,connected,home,attached,91
1788779993,699,699.5,1,117,120,9817,10992,253,4,132,32,32,0,0,15,active,117,120,0,0,connected,home,attached,91
1788779999,704,704.8,1,119,122,9977,11176,257,4,134,32,32,0,0,11,active,119,122,0,0,connected,home,attached,91
1788780004,709,710.0,1,121,124,10137,11360,261,4,136,32,32,0,0,11,active,121,124,0,0,connected,home,attached,91
1788780009,715,715.3,1,122,125,10221,11456,263,4,137,32,32,0,0,11,active,122,125,0,0,connected,home,attached,91
1788780015,720,720.6,1,123,126,10305,11552,265,4,138,32,32,0,0,11,active,123,126,0,0,connected,home,attached,96
1788780020,725,725.9,1,124,127,10389,11648,267,4,139,32,32,0,0,11,active,124,127,0,0,connected,home,attached,91
1788780025,730,731.2,1,125,128,10473,11744,269,4,140,32,32,0,0,11,active,125,128,0,0,connected,home,attached,91
1788780031,736,736.4,1,126,129,10557,11840,271,4,141,32,32,0,0,12,active,126,129,0,0,connected,home,attached,91
1788780036,741,741.7,1,128,131,10717,12024,275,4,143,32,32,0,0,12,active,128,131,0,0,connected,home,attached,96
1788780041,746,747.0,1,129,132,10801,12120,277,4,144,32,32,0,0,11,active,129,132,0,0,connected,home,attached,89
1788780046,751,752.2,1,131,134,10961,12304,281,4,146,32,32,0,0,11,active,131,134,0,0,connected,home,attached,94
1788780052,757,757.5,1,132,135,11045,12400,283,4,147,32,32,0,0,11,active,132,135,0,0,connected,home,attached,94
1788780057,762,762.8,1,133,136,11129,12496,285,4,148,32,32,0,0,11,active,133,136,0,0,connected,home,attached,94
1788780062,767,768.0,1,134,137,11213,12592,287,4,149,32,32,0,0,11,active,134,137,0,0,connected,home,attached,96
1788780067,772,773.2,1,137,140,11449,12864,293,4,152,32,32,0,0,11,active,137,140,0,0,connected,home,attached,96
1788780073,778,778.5,1,138,141,11533,12960,295,4,153,32,32,0,0,11,active,138,141,0,0,connected,home,attached,91
1788780078,783,783.8,1,139,142,11617,13056,297,4,154,32,32,0,0,13,active,139,142,0,0,connected,home,attached,91
1788780083,788,789.0,1,140,143,11701,13152,299,4,155,32,32,0,0,11,active,140,143,0,0,connected,home,attached,91
1788780088,793,794.3,1,141,144,11785,13248,301,4,156,32,32,0,0,11,active,141,144,0,0,connected,home,attached,91
1788780094,799,799.6,1,142,145,11869,13344,303,4,157,32,32,0,0,11,active,142,145,0,0,connected,home,attached,91
1788780099,804,804.9,1,143,146,11953,13440,305,4,158,32,32,0,0,11,active,143,146,0,0,connected,home,attached,91
1788780104,809,810.1,1,145,148,12113,13624,309,4,160,32,32,0,0,11,active,145,148,0,0,connected,home,attached,91
1788780110,815,815.4,1,146,149,12197,13720,311,4,161,32,32,0,0,12,active,146,149,0,0,connected,home,attached,96
1788780115,820,820.7,1,148,151,12357,13904,315,4,163,32,32,0,0,11,active,148,151,0,0,connected,home,attached,91
1788780120,825,826.0,1,149,152,12441,14000,317,4,164,32,32,0,0,11,active,149,152,0,0,connected,home,attached,91
1788780125,830,831.2,1,150,153,12525,14096,319,4,165,32,32,0,0,11,active,150,153,0,0,connected,home,attached,91
1788780131,836,836.5,1,152,155,12685,14280,323,4,167,32,32,0,0,11,active,152,155,0,0,connected,home,attached,91
1788780136,841,841.8,1,154,157,12845,14464,327,4,169,32,32,0,0,12,active,154,157,0,0,connected,home,attached,91
1788780141,846,847.0,1,155,158,12929,14560,329,4,170,32,32,0,0,11,active,155,158,0,0,connected,home,attached,91
1788780146,852,852.4,1,156,159,13013,14656,331,4,171,32,32,0,0,11,active,156,159,0,0,connected,home,attached,91
1788780152,857,857.6,1,157,160,13097,14752,333,4,172,32,32,0,0,12,active,157,160,0,0,connected,home,attached,96
1788780157,862,862.9,1,158,161,13181,14848,335,4,173,32,32,0,0,12,active,158,161,0,0,connected,home,attached,88
1788780162,867,868.2,1,159,162,13265,14944,337,4,174,32,32,0,0,12,active,159,162,0,0,connected,home,attached,88
1788780168,873,873.6,1,160,163,13349,15040,339,4,175,32,32,0,0,11,active,160,163,0,0,connected,home,attached,88
1788780173,878,879.0,1,162,165,13509,15224,343,4,177,32,32,0,0,11,active,162,165,0,0,connected,home,attached,91
1788780178,884,884.3,1,163,166,13593,15320,345,4,178,32,32,0,0,13,active,163,166,0,0,connected,home,attached,91
1788780184,889,889.6,1,165,168,13753,15504,349,4,180,32,32,0,0,11,active,165,168,0,0,connected,home,attached,91
1788780189,894,894.9,1,166,169,13837,15600,351,4,181,32,32,0,0,11,active,166,169,0,0,connected,home,attached,86
1788780194,899,900.2,1,167,170,13921,15696,353,4,182,32,32,0,0,11,active,167,170,0,0,connected,home,attached,86
1788780200,905,905.5,1,169,172,14081,15880,357,4,184,32,32,0,0,11,active,169,172,0,0,connected,home,attached,92
1788780205,910,910.8,1,171,174,14241,16064,361,4,186,32,32,0,0,12,active,171,174,0,0,connected,home,attached,92
1788780210,915,0.0,0,None,None,None,None,0,0,None,None,None,None,None,None,None,None,None,None,None,None,None,None,None
1788780218,923,0.0,0,None,None,None,None,0,0,None,None,None,None,None,None,None,None,None,None,None,None,None,None,None
1788780226,932,0.0,0,None,None,None,None,0,0,None,None,None,None,None,None,None,None,None,None,None,None,None,None,None
1788780235,940,0.0,0,None,None,None,None,0,0,None,None,None,None,None,None,None,None,None,None,None,None,None,None,None
1788780243,948,33.1,0,0,0,0,0,19,2,15,0,0,32,0,20728,suspended,None,None,None,None,registered,home,attached,0
1788780248,953,38.4,0,8,13,1165,1152,40,4,23,32,32,0,0,1251,active,8,13,0,0,connected,home,attached,91
1788780254,959,44.6,0,8,14,1165,1248,41,4,23,32,32,0,0,7547,active,8,14,0,0,connected,home,attached,91
1788780260,966,51.0,1,9,15,1249,1344,43,4,24,32,32,0,0,12,active,9,15,0,0,connected,home,attached,84
1788780266,971,56.3,1,15,21,1780,1880,55,4,30,32,32,0,0,11,active,15,21,0,0,connected,home,attached,84
1788780271,976,61.5,1,20,28,2168,2560,67,4,35,32,32,0,0,12,active,20,28,0,0,connected,home,attached,89
