timestamp,elapsed_s,uptime_s,ping,netdev_rx_pkt,netdev_tx_pkt,netdev_rx_bytes,netdev_tx_bytes,bam_dma_irq,bam_dmux_irq,rx_callbacks,rx_queued_buffers,rx_slots_submitted,rx_slots_free,rx_submit_failed,rx_last_cb_ms,runtime_status,wds_rx_ok,wds_tx_ok,wds_rx_drop,wds_tx_drop,modem_state,reg_state,packet_state,signal_quality,crash_info
1788893389,0,43.3,1,19,28,2250,2712,62,4,34,32,32,0,0,21,active,14,24,0,0,connected,home,attached,86,NONE
1788893391,2,45.7,1,22,31,2486,2984,68,4,37,32,32,0,0,12,active,17,25,0,0,connected,home,attached,86,NONE
1788893393,4,48.0,1,24,33,2654,3176,72,4,39,32,32,0,0,11,active,19,27,0,0,connected,home,attached,86,NONE
1788893396,6,50.3,1,25,34,2738,3272,74,4,40,32,32,0,0,12,active,20,28,0,0,connected,home,attached,86,NONE
1788893398,9,52.6,1,27,36,2906,3464,78,4,42,32,32,0,0,12,active,22,30,0,0,connected,home,attached,91,NONE
1788893400,11,54.9,1,28,37,2990,3560,80,4,43,32,32,0,0,11,active,23,31,0,0,connected,home,attached,91,NONE
1788893403,13,57.2,1,29,38,3074,3656,82,4,44,32,32,0,0,11,active,24,32,0,0,connected,home,attached,86,NONE
1788893405,16,59.5,1,30,39,3158,3752,84,4,45,32,32,0,0,14,active,25,33,0,0,connected,home,attached,86,NONE
1788893407,18,61.7,1,31,40,3242,3848,86,4,46,32,32,0,0,11,active,26,34,0,0,connected,home,attached,86,NONE
1788893409,20,64.0,1,32,41,3326,3944,88,4,47,32,32,0,0,11,active,27,35,0,0,connected,home,attached,86,NONE
1788893412,22,66.3,1,34,43,3494,4136,92,4,49,32,32,0,0,12,active,29,37,0,0,connected,home,attached,91,NONE
1788893414,25,68.6,1,35,44,3578,4232,94,4,50,32,32,0,0,11,active,30,38,0,0,connected,home,attached,91,NONE
1788893416,27,71.0,1,36,45,3662,4328,96,4,51,32,32,0,0,12,active,31,39,0,0,connected,home,attached,91,NONE
1788893419,29,73.3,1,37,46,3746,4424,98,4,52,32,32,0,0,12,active,32,40,0,0,connected,home,attached,91,NONE
1788893421,32,75.6,1,40,49,4002,4716,104,4,55,32,32,0,0,13,active,34,43,0,0,connected,home,attached,91,NONE
1788893423,34,78.0,1,43,52,4238,4988,110,4,58,32,32,0,0,12,active,37,45,0,0,connected,home,attached,91,NONE
1788893426,37,80.3,1,45,54,4406,5180,114,4,60,32,32,0,0,11,active,39,47,0,0,connected,home,attached,91,NONE
1788893428,39,82.6,1,47,56,4574,5372,118,4,62,32,32,0,0,13,active,41,49,0,0,connected,home,attached,91,NONE
1788893430,41,84.9,1,48,57,4658,5468,120,4,63,32,32,0,0,11,active,42,50,0,0,connected,home,attached,91,NONE
1788893433,43,87.2,1,49,58,4742,5564,122,4,64,32,32,0,0,12,active,43,51,0,0,connected,home,attached,91,NONE
1788893435,46,89.6,1,50,59,4826,5660,124,4,65,32,32,0,0,11,active,44,52,0,0,connected,home,attached,91,NONE
1788893437,48,91.9,1,51,60,4910,5756,126,4,66,32,32,0,0,13,active,45,53,0,0,connected,home,attached,91,NONE
1788893440,50,94.2,1,52,61,4994,5852,128,4,67,32,32,0,0,11,active,46,54,0,0,connected,home,attached,91,NONE
1788893442,53,96.5,1,53,63,5078,6044,131,4,69,32,32,0,0,2,active,48,56,0,0,connected,home,attached,91,NONE
1788893444,55,98.8,1,56,65,5330,6236,136,4,71,32,32,0,0,11,active,50,58,0,0,connected,home,attached,91,NONE
1788893446,57,101.1,1,57,66,5414,6332,138,4,72,32,32,0,0,12,active,51,59,0,0,connected,home,attached,96,NONE
1788893449,60,103.4,1,58,67,5498,6428,140,4,73,32,32,0,0,12,active,52,60,0,0,connected,home,attached,89,NONE
1788893451,62,105.8,1,59,68,5582,6524,142,4,74,32,32,0,0,12,active,53,61,0,0,connected,home,attached,89,NONE
1788893454,64,108.2,1,62,71,5838,6816,148,4,77,32,32,0,0,11,active,55,63,0,0,connected,home,attached,89,NONE
1788893456,67,110.5,1,65,74,6074,7088,154,4,80,32,32,0,0,11,active,58,66,0,0,connected,home,attached,89,NONE
1788893458,69,112.8,1,67,76,6242,7280,158,4,82,32,32,0,0,12,active,60,68,0,0,connected,home,attached,89,NONE
1788893461,71,115.2,1,68,77,6326,7376,160,4,83,32,32,0,0,11,active,61,69,0,0,connected,home,attached,89,NONE
1788893463,74,117.5,1,69,78,6410,7472,162,4,84,32,32,0,0,11,active,62,70,0,0,connected,home,attached,89,NONE
1788893465,76,119.9,1,70,79,6494,7568,164,4,85,32,32,0,0,13,active,63,71,0,0,connected,home,attached,89,NONE
1788893468,78,122.1,1,71,80,6578,7664,166,4,86,32,32,0,0,12,active,64,72,0,0,connected,home,attached,89,NONE
1788893470,81,124.5,1,72,81,6662,7760,168,4,87,32,32,0,0,10,active,65,73,0,0,connected,home,attached,89,NONE
1788893472,83,126.8,1,73,82,6746,7856,170,4,88,32,32,0,0,11,active,66,74,0,0,connected,home,attached,89,NONE
1788893474,85,129.1,1,75,84,6914,8048,174,4,90,32,32,0,0,11,active,68,76,0,0,connected,home,attached,89,NONE
1788893477,88,131.4,1,76,85,6998,8144,176,4,91,32,32,0,0,13,active,69,77,0,0,connected,home,attached,89,NONE
1788893479,90,133.7,1,77,86,7082,8240,178,4,92,32,32,0,0,12,active,70,78,0,0,connected,home,attached,89,NONE
1788893481,92,136.1,1,78,87,7166,8336,180,4,93,32,32,0,0,13,active,71,79,0,0,connected,home,attached,89,NONE
1788893484,95,138.4,1,79,88,7250,8432,182,4,94,32,32,0,0,12,active,72,80,0,0,connected,home,attached,89,NONE
1788893486,97,140.8,1,82,91,7506,8724,188,4,97,32,32,0,0,11,active,74,82,0,0,connected,home,attached,89,NONE
1788893488,99,143.1,1,86,95,7826,9092,196,4,101,32,32,0,0,13,active,78,86,0,0,connected,home,attached,89,NONE
1788893491,102,145.3,1,88,97,7994,9284,200,4,103,32,32,0,0,12,active,80,88,0,0,connected,home,attached,89,NONE
1788893493,104,147.7,1,89,98,8078,9380,202,4,104,32,32,0,0,12,active,81,89,0,0,connected,home,attached,89,NONE
1788893495,106,150.0,1,90,99,8162,9476,204,4,105,32,32,0,0,12,active,82,90,0,0,connected,home,attached,89,NONE
1788893498,109,152.3,1,91,100,8246,9572,206,4,106,32,32,0,0,15,active,83,91,0,0,connected,home,attached,86,NONE
1788893500,111,154.6,1,92,101,8330,9668,208,4,107,32,32,0,0,11,active,84,92,0,0,connected,home,attached,89,NONE
1788893502,113,157.0,1,93,102,8414,9764,210,4,108,32,32,0,0,11,active,85,93,0,0,connected,home,attached,89,NONE
1788893505,115,159.2,1,95,104,8582,9956,214,4,110,32,32,0,0,12,active,87,95,0,0,connected,home,attached,89,NONE
1788893507,118,161.6,1,97,106,8750,10148,218,4,112,32,32,0,0,11,active,89,97,0,0,connected,home,attached,89,NONE
1788893509,120,163.8,1,98,107,8834,10244,220,4,113,32,32,0,0,12,active,90,98,0,0,connected,home,attached,89,NONE
1788893511,122,166.1,1,99,108,8918,10340,222,4,114,32,32,0,0,14,active,91,99,0,0,connected,home,attached,89,NONE
1788893514,125,168.4,1,100,109,9002,10436,224,4,115,32,32,0,0,11,active,92,100,0,0,connected,home,attached,89,NONE
1788893516,127,170.7,1,101,110,9086,10532,226,4,116,32,32,0,0,11,active,93,101,0,0,connected,home,attached,86,NONE
1788893518,129,173.0,1,104,113,9342,10824,232,4,119,32,32,0,0,13,active,95,103,0,0,connected,home,attached,89,NONE
1788893521,132,175.3,1,107,116,9586,11104,238,4,122,32,32,0,0,11,active,98,106,0,0,connected,home,attached,84,NONE
1788893523,134,177.5,1,109,118,9746,11288,242,4,124,32,32,0,0,12,active,100,108,0,0,connected,home,attached,84,NONE
1788893525,136,179.8,1,111,120,9914,11480,246,4,126,32,32,0,0,11,active,102,110,0,0,connected,home,attached,84,NONE
1788893527,138,182.1,1,112,121,9998,11576,248,4,127,32,32,0,0,12,active,103,111,0,0,connected,home,attached,84,NONE
1788893530,141,184.4,1,113,122,10082,11672,250,4,128,32,32,0,0,12,active,104,112,0,0,connected,home,attached,84,NONE
1788893532,143,186.7,1,114,123,10166,11768,252,4,129,32,32,0,0,11,active,105,113,0,0,connected,home,attached,84,NONE
1788893534,145,189.0,1,116,125,10334,11960,256,4,131,32,32,0,0,9,active,107,115,0,0,connected,home,attached,84,NONE
1788893537,148,191.3,1,117,126,10418,12056,258,4,132,32,32,0,0,12,active,108,116,0,0,connected,home,attached,84,NONE
1788893539,150,193.6,1,118,127,10502,12152,260,4,133,32,32,0,0,12,active,109,117,0,0,connected,home,attached,84,NONE
1788893541,152,195.9,1,119,128,10586,12248,262,4,134,32,32,0,0,12,active,110,118,0,0,connected,home,attached,84,NONE
1788893544,154,198.2,1,121,130,10754,12440,266,4,136,32,32,0,0,11,active,112,120,0,0,connected,home,attached,84,NONE
1788893546,157,200.4,1,122,131,10838,12536,268,4,137,32,32,0,0,13,active,113,121,0,0,connected,home,attached,84,NONE
1788893548,159,202.8,1,123,132,10922,12632,270,4,138,32,32,0,0,12,active,114,122,0,0,connected,home,attached,84,NONE
1788893550,161,205.1,1,125,134,11090,12824,274,4,140,32,32,0,0,11,active,116,124,0,0,connected,home,attached,84,NONE
1788893553,164,207.3,1,129,138,11422,13204,282,4,144,32,32,0,0,11,active,119,127,0,0,connected,home,attached,89,NONE
1788893555,166,209.7,1,131,140,11582,13388,286,4,146,32,32,0,0,11,active,121,129,0,0,connected,home,attached,89,NONE
1788893557,168,212.0,1,132,141,11666,13484,288,4,147,32,32,0,0,11,active,122,130,0,0,connected,home,attached,89,NONE
1788893560,170,214.3,1,133,142,11750,13580,290,4,148,32,32,0,0,11,active,123,131,0,0,connected,home,attached,89,NONE
1788893562,173,216.6,1,135,144,11918,13772,294,4,150,32,32,0,0,11,active,125,133,0,0,connected,home,attached,89,NONE
1788893564,175,218.8,1,136,145,12002,13868,296,4,151,32,32,0,0,11,active,126,134,0,0,connected,home,attached,89,NONE
1788893567,177,221.1,1,138,147,12170,14060,300,4,153,32,32,0,0,11,active,128,136,0,0,connected,home,attached,84,NONE
1788893569,180,223.5,1,139,148,12254,14156,302,4,154,32,32,0,0,11,active,129,137,0,0,connected,home,attached,84,NONE
1788893571,182,225.8,1,140,149,12338,14252,304,4,155,32,32,0,0,12,active,130,138,0,0,connected,home,attached,89,NONE
1788893573,184,228.1,1,141,150,12422,14348,306,4,156,32,32,0,0,12,active,131,139,0,0,connected,home,attached,89,NONE
1788893576,187,230.5,1,142,151,12506,14444,308,4,157,32,32,0,0,11,active,132,140,0,0,connected,home,attached,84,NONE
1788893578,189,232.8,1,144,153,12674,14636,312,4,159,32,32,0,0,11,active,134,142,0,0,connected,home,attached,89,NONE
1788893580,191,235.1,1,145,154,12758,14732,314,4,160,32,32,0,0,11,active,135,143,0,0,connected,home,attached,89,NONE
1788893583,194,237.4,1,147,156,12926,14924,318,4,162,32,32,0,0,11,active,137,145,0,0,connected,home,attached,89,NONE
1788893585,196,239.6,1,151,160,13258,15304,326,4,166,32,32,0,0,12,active,140,148,0,0,connected,home,attached,89,NONE
1788893587,198,241.9,1,153,162,13418,15488,330,4,168,32,32,0,0,12,active,142,150,0,0,connected,home,attached,89,NONE
1788893590,200,244.3,1,154,163,13502,15584,332,4,169,32,32,0,0,12,active,143,151,0,0,connected,home,attached,89,NONE
1788893592,203,246.6,1,155,164,13586,15680,334,4,170,32,32,0,0,11,active,144,152,0,0,connected,home,attached,89,NONE
1788893594,205,249.0,1,157,166,13754,15872,338,4,172,32,32,0,0,11,active,146,154,0,0,connected,home,attached,89,NONE
1788893597,207,251.3,1,159,168,13922,16064,342,4,174,32,32,0,0,14,active,148,156,0,0,connected,home,attached,86,NONE
1788893599,210,253.6,1,160,169,14006,16160,344,4,175,32,32,0,0,11,active,149,157,0,0,connected,home,attached,89,NONE
1788893601,212,256.0,1,161,170,14090,16256,346,4,176,32,32,0,0,11,active,150,158,0,0,connected,home,attached,89,NONE
1788893604,214,258.2,1,162,171,14174,16352,348,4,177,32,32,0,0,11,active,151,159,0,0,connected,home,attached,89,NONE
1788893606,217,260.5,1,163,172,14258,16448,350,4,178,32,32,0,0,12,active,152,160,0,0,connected,home,attached,89,NONE
1788893608,219,262.8,1,164,173,14342,16544,352,4,179,32,32,0,0,11,active,153,161,0,0,connected,home,attached,89,NONE
1788893610,221,265.1,1,165,175,14426,16736,355,4,180,32,32,0,0,10,active,155,163,0,0,connected,home,attached,89,NONE
1788893613,224,267.4,1,168,177,14678,16928,360,4,183,32,32,0,0,12,active,157,165,0,0,connected,home,attached,89,NONE
1788893615,226,269.7,1,169,178,14762,17024,362,4,184,32,32,0,0,13,active,158,166,0,0,connected,home,attached,89,NONE
1788893617,228,272.0,1,172,181,15018,17316,368,4,187,32,32,0,0,11,active,160,168,0,0,connected,home,attached,89,NONE
1788893620,231,274.4,1,174,184,15178,17588,373,4,189,32,32,0,0,11,active,162,171,0,0,connected,home,attached,89,NONE
1788893622,233,276.6,1,176,185,15338,17684,376,4,191,32,32,0,0,12,active,164,172,0,0,connected,home,attached,86,NONE
1788893624,235,279.0,1,177,186,15422,17780,378,4,192,32,32,0,0,11,active,165,173,0,0,connected,home,attached,89,NONE
1788893627,238,281.2,1,178,187,15506,17876,380,4,193,32,32,0,0,11,active,166,174,0,0,connected,home,attached,84,NONE
1788893629,240,283.5,1,180,189,15674,18068,384,4,195,32,32,0,0,12,active,168,176,0,0,connected,home,attached,84,NONE
1788893631,242,285.9,1,181,190,15758,18164,386,4,196,32,32,0,0,11,active,169,177,0,0,connected,home,attached,89,NONE
1788893634,244,288.2,1,182,191,15842,18260,388,4,197,32,32,0,0,12,active,170,178,0,0,connected,home,attached,89,NONE
1788893636,247,290.5,1,183,192,15926,18356,390,4,198,32,32,0,0,11,active,171,179,0,0,connected,home,attached,83,NONE
1788893638,249,292.8,1,184,193,16010,18452,392,4,199,32,32,0,0,12,active,172,180,0,0,connected,home,attached,83,NONE
1788893640,251,295.1,1,185,194,16094,18548,394,4,200,32,32,0,0,11,active,173,181,0,0,connected,home,attached,89,NONE
1788893643,254,297.4,1,187,196,16262,18740,398,4,202,32,32,0,0,13,active,175,183,0,0,connected,home,attached,89,NONE
1788893645,256,299.8,1,189,198,16430,18932,402,4,204,32,32,0,0,12,active,177,185,0,0,connected,home,attached,89,NONE
1788893647,258,302.1,1,190,199,16514,19028,404,4,205,32,32,0,0,12,active,178,186,0,0,connected,home,attached,89,NONE
1788893650,261,304.4,1,191,200,16598,19124,406,4,206,32,32,0,0,13,active,179,187,0,0,connected,home,attached,89,NONE
1788893652,263,306.7,1,192,201,16682,19220,408,4,207,32,32,0,0,11,active,180,188,0,0,connected,home,attached,89,NONE
1788893654,265,309.0,1,193,202,16766,19316,410,4,208,32,32,0,0,13,active,181,189,0,0,connected,home,attached,89,NONE
1788893657,268,311.4,1,194,203,16850,19412,412,4,209,32,32,0,0,12,active,182,190,0,0,connected,home,attached,86,NONE
1788893659,270,313.7,1,196,205,17018,19604,416,4,211,32,32,0,0,12,active,184,192,0,0,connected,home,attached,89,NONE
1788893661,272,316.1,1,198,207,17186,19796,420,4,213,32,32,0,0,11,active,186,194,0,0,connected,home,attached,89,NONE
1788893664,275,318.3,1,199,208,17270,19892,422,4,214,32,32,0,0,12,active,187,195,0,0,connected,home,attached,89,NONE
1788893666,277,320.6,1,200,209,17354,19988,424,4,215,32,32,0,0,11,active,188,196,0,0,connected,home,attached,89,NONE
1788893668,279,322.9,1,201,210,17438,20084,426,4,216,32,32,0,0,11,active,189,197,0,0,connected,home,attached,89,NONE
1788893671,281,325.2,1,202,211,17522,20180,428,4,217,32,32,0,0,13,active,190,198,0,0,connected,home,attached,86,NONE
1788893673,284,327.5,1,203,212,17606,20276,430,4,218,32,32,0,0,12,active,191,199,0,0,connected,home,attached,86,NONE
1788893675,286,329.7,1,205,214,17774,20468,434,4,220,32,32,0,0,12,active,193,201,0,0,connected,home,attached,86,NONE
1788893677,288,332.1,1,206,215,17858,20564,436,4,221,32,32,0,0,12,active,194,202,0,0,connected,home,attached,86,NONE
1788893680,291,334.3,1,208,217,18026,20756,440,4,223,32,32,0,0,11,active,196,204,0,0,connected,home,attached,89,NONE
1788893682,293,336.6,1,211,220,18282,21048,446,4,226,32,32,0,0,11,active,198,206,0,0,connected,home,attached,89,NONE
1788893684,295,338.9,1,214,223,18518,21320,452,4,229,32,32,0,0,12,active,201,209,0,0,connected,home,attached,89,NONE
1788893687,297,341.2,1,215,224,18602,21416,454,4,230,32,32,0,0,11,active,202,210,0,0,connected,home,attached,83,NONE
1788893689,300,343.5,1,217,226,18770,21608,458,4,232,32,32,0,0,11,active,204,212,0,0,connected,home,attached,88,NONE
1788893691,302,345.8,1,218,227,18854,21704,460,4,233,32,32,0,0,12,active,205,213,0,0,connected,home,attached,88,NONE
1788893694,304,348.2,1,219,228,18938,21800,462,4,234,32,32,0,0,13,active,206,214,0,0,connected,home,attached,88,NONE
1788893696,307,350.5,1,221,230,19106,21992,466,4,236,32,32,0,0,11,active,208,216,0,0,connected,home,attached,84,NONE
1788893698,309,352.7,1,222,231,19190,22088,468,4,237,32,32,0,0,11,active,209,217,0,0,connected,home,attached,84,NONE
1788893700,311,355.0,1,223,232,19274,22184,470,4,238,32,32,0,0,11,active,210,218,0,0,connected,home,attached,84,NONE
1788893703,314,357.4,1,224,233,19358,22280,472,4,239,32,32,0,0,12,active,211,219,0,0,connected,home,attached,89,NONE
1788893705,316,359.7,1,226,235,19526,22472,476,4,241,32,32,0,0,13,active,213,221,0,0,connected,home,attached,89,NONE
1788893707,318,362.1,1,227,236,19610,22568,478,4,242,32,32,0,0,12,active,214,222,0,0,connected,home,attached,89,NONE
1788893710,321,364.4,1,228,237,19694,22664,480,4,243,32,32,0,0,13,active,215,223,0,0,connected,home,attached,89,NONE
1788893712,323,366.7,1,229,239,19778,22856,483,4,245,32,32,0,0,1,active,217,225,0,0,connected,home,attached,89,NONE
1788893714,325,369.1,1,231,240,19946,22952,486,4,246,32,32,0,0,12,active,218,226,0,0,connected,home,attached,89,NONE
1788893717,328,371.3,1,232,241,20030,23048,488,4,247,32,32,0,0,11,active,219,227,0,0,connected,home,attached,89,NONE
1788893719,330,373.6,1,233,242,20114,23144,490,4,248,32,32,0,0,12,active,220,228,0,0,connected,home,attached,89,NONE
1788893721,332,376.0,1,235,244,20282,23336,494,4,250,32,32,0,0,11,active,222,230,0,0,connected,home,attached,86,NONE
1788893724,334,378.2,1,236,245,20366,23432,496,4,251,32,32,0,0,11,active,223,231,0,0,connected,home,attached,91,NONE
1788893726,337,380.6,1,237,246,20450,23528,498,4,252,32,32,0,0,11,active,224,232,0,0,connected,home,attached,84,NONE
1788893728,339,382.9,1,238,247,20534,23624,500,4,253,32,32,0,0,12,active,225,233,0,0,connected,home,attached,89,NONE
1788893731,341,385.2,1,240,249,20702,23816,504,4,255,32,32,0,0,11,active,227,235,0,0,connected,home,attached,89,NONE
1788893733,344,387.5,1,241,250,20786,23912,506,4,256,32,32,0,0,11,active,228,236,0,0,connected,home,attached,89,NONE
1788893735,346,389.8,1,243,252,20954,24104,510,4,258,32,32,0,0,12,active,230,238,0,0,connected,home,attached,89,NONE
1788893737,348,392.1,1,244,253,21038,24200,512,4,259,32,32,0,0,12,active,231,239,0,0,connected,home,attached,89,NONE
1788893740,351,394.4,1,245,254,21122,24296,514,4,260,32,32,0,0,12,active,232,240,0,0,connected,home,attached,89,NONE
1788893742,353,396.8,1,246,255,21206,24392,516,4,261,32,32,0,0,12,active,233,241,0,0,connected,home,attached,89,NONE
1788893744,355,399.1,1,247,256,21290,24488,518,4,262,32,32,0,0,12,active,234,242,0,0,connected,home,attached,89,NONE
1788893747,358,401.4,1,249,258,21458,24680,522,4,264,32,32,0,0,11,active,236,244,0,0,connected,home,attached,89,NONE
1788893749,360,403.7,1,251,260,21638,24884,526,4,266,32,32,0,0,11,active,237,245,0,0,connected,home,attached,89,NONE
1788893751,362,406.0,1,256,265,22034,25340,536,4,271,32,32,0,0,11,active,242,250,0,0,connected,home,attached,89,NONE
1788893754,365,408.3,1,257,266,22118,25436,538,4,272,32,32,0,0,13,active,243,251,0,0,connected,home,attached,89,NONE
1788893756,367,410.6,1,258,267,22202,25532,540,4,273,32,32,0,0,12,active,244,252,0,0,connected,home,attached,89,NONE
1788893758,369,412.9,1,259,268,22286,25628,542,4,274,32,32,0,0,12,active,245,253,0,0,connected,home,attached,89,NONE
1788893761,371,415.2,1,260,269,22370,25724,544,4,275,32,32,0,0,12,active,246,254,0,0,connected,home,attached,89,NONE
1788893763,374,417.5,1,261,270,22454,25820,546,4,276,32,32,0,0,11,active,247,255,0,0,connected,home,attached,89,NONE
1788893765,376,419.7,1,263,272,22622,26012,550,4,278,32,32,0,0,11,active,249,257,0,0,connected,home,attached,89,NONE
1788893767,378,422.0,1,265,274,22790,26204,554,4,280,32,32,0,0,11,active,251,259,0,0,connected,home,attached,86,NONE
1788893770,381,424.3,1,266,275,22874,26300,556,4,281,32,32,0,0,14,active,252,260,0,0,connected,home,attached,86,NONE
1788893772,383,426.7,1,267,276,22958,26396,558,4,282,32,32,0,0,11,active,253,261,0,0,connected,home,attached,86,NONE
1788893774,385,428.9,1,268,277,23042,26492,560,4,283,32,32,0,0,12,active,254,262,0,0,connected,home,attached,88,NONE
1788893777,388,431.3,1,269,278,23126,26588,562,4,284,32,32,0,0,12,active,255,263,0,0,connected,home,attached,88,NONE
1788893779,390,433.6,1,270,279,23210,26684,564,4,285,32,32,0,0,12,active,256,264,0,0,connected,home,attached,88,NONE
1788893781,392,435.8,1,272,281,23378,26876,568,4,287,32,32,0,0,10,active,258,266,0,0,connected,home,attached,83,NONE
1788893784,394,438.2,1,273,282,23462,26972,570,4,288,32,32,0,0,11,active,259,267,0,0,connected,home,attached,83,NONE
1788893786,397,440.5,1,274,283,23546,27068,572,4,289,32,32,0,0,12,active,260,268,0,0,connected,home,attached,83,NONE
1788893788,399,442.8,1,275,284,23630,27164,574,4,290,32,32,0,0,11,active,261,269,0,0,connected,home,attached,83,NONE
1788893791,401,445.2,1,276,285,23714,27260,576,4,291,32,32,0,0,12,active,262,270,0,0,connected,home,attached,83,NONE
1788893793,404,447.6,1,277,286,23798,27356,578,4,292,32,32,0,0,11,active,263,271,0,0,connected,home,attached,89,NONE
1788893795,406,449.9,1,278,287,23882,27452,580,4,293,32,32,0,0,12,active,264,272,0,0,connected,home,attached,89,NONE
1788893798,408,452.2,1,280,289,24050,27644,584,4,295,32,32,0,0,11,active,266,274,0,0,connected,home,attached,89,NONE
1788893800,411,454.5,1,281,290,24134,27740,586,4,296,32,32,0,0,11,active,267,275,0,0,connected,home,attached,89,NONE
1788893802,413,456.8,1,282,291,24218,27836,588,4,297,32,32,0,0,11,active,268,276,0,0,connected,home,attached,89,NONE
1788893804,415,459.1,1,283,292,24302,27932,590,4,298,32,32,0,0,12,active,269,277,0,0,connected,home,attached,89,NONE
1788893807,418,461.4,1,284,293,24386,28028,592,4,299,32,32,0,0,12,active,270,278,0,0,connected,home,attached,84,NONE
1788893809,420,463.7,1,285,294,24470,28124,594,4,300,32,32,0,0,11,active,271,279,0,0,connected,home,attached,91,NONE
1788893811,422,465.9,1,286,295,24554,28220,596,4,301,32,32,0,0,11,active,272,280,0,0,connected,home,attached,91,NONE
1788893814,424,468.3,1,288,297,24722,28412,600,4,303,32,32,0,0,11,active,274,283,0,0,connected,home,attached,91,NONE
1788893816,427,470.5,1,292,301,25054,28792,608,4,307,32,32,0,0,11,active,277,285,0,0,connected,home,attached,91,NONE
1788893818,429,472.8,1,294,303,25214,28976,612,4,309,32,32,0,0,11,active,279,287,0,0,connected,home,attached,91,NONE
1788893820,431,475.1,1,295,304,25298,29072,614,4,310,32,32,0,0,12,active,280,288,0,0,connected,home,attached,84,NONE
1788893823,434,477.4,1,296,305,25382,29168,616,4,311,32,32,0,0,12,active,281,289,0,0,connected,home,attached,84,NONE
1788893825,436,479.7,1,297,306,25466,29264,618,4,312,32,32,0,0,12,active,282,290,0,0,connected,home,attached,88,NONE
1788893827,438,482.0,1,299,308,25634,29456,622,4,314,32,32,0,0,12,active,284,292,0,0,connected,home,attached,88,NONE
1788893830,441,484.3,1,300,309,25718,29552,624,4,315,32,32,0,0,16,active,285,293,0,0,connected,home,attached,84,NONE
1788893832,443,486.6,1,302,311,25886,29744,628,4,317,32,32,0,0,11,active,287,295,0,0,connected,home,attached,84,NONE
1788893834,445,488.9,1,303,312,25970,29840,630,4,318,32,32,0,0,11,active,288,296,0,0,connected,home,attached,91,NONE
1788893837,447,491.2,1,304,313,26054,29936,632,4,319,32,32,0,0,11,active,289,297,0,0,connected,home,attached,86,NONE
1788893839,450,493.6,1,305,314,26138,30032,634,4,320,32,32,0,0,12,active,290,298,0,0,connected,home,attached,86,NONE
1788893841,452,495.9,1,306,315,26222,30128,636,4,321,32,32,0,0,12,active,291,299,0,0,connected,home,attached,86,NONE
1788893844,454,498.2,1,308,317,26390,30320,640,4,323,32,32,0,0,13,active,293,301,0,0,connected,home,attached,89,NONE
1788893846,457,500.5,1,309,318,26474,30416,642,4,324,32,32,0,0,12,active,294,302,0,0,connected,home,attached,86,NONE
1788893848,459,502.9,1,311,320,26642,30608,646,4,326,32,32,0,0,11,active,296,304,0,0,connected,home,attached,89,NONE
1788893851,461,505.1,1,312,321,26726,30704,648,4,327,32,32,0,0,12,active,297,305,0,0,connected,home,attached,89,NONE
1788893853,464,507.4,1,313,322,26810,30800,650,4,328,32,32,0,0,12,active,298,306,0,0,connected,home,attached,89,NONE
1788893855,466,509.8,1,314,323,26894,30896,652,4,329,32,32,0,0,11,active,299,307,0,0,connected,home,attached,89,NONE
1788893857,468,512.1,1,315,324,26978,30992,654,4,330,32,32,0,0,12,active,300,308,0,0,connected,home,attached,89,NONE
1788893860,471,514.4,1,317,326,27146,31184,658,4,332,32,32,0,0,12,active,302,310,0,0,connected,home,attached,89,NONE
1788893862,473,516.7,1,318,327,27230,31280,660,4,333,32,32,0,0,11,active,303,311,0,0,connected,home,attached,89,NONE
1788893864,475,519.0,1,319,329,27314,31472,663,4,334,32,32,0,0,11,active,304,313,0,0,connected,home,attached,81,NONE
1788893867,478,521.3,1,321,330,27482,31568,666,4,336,32,32,0,0,13,active,306,314,0,0,connected,home,attached,81,NONE
1788893869,480,523.7,1,322,331,27566,31664,668,4,337,32,32,0,0,12,active,307,315,0,0,connected,home,attached,81,NONE
1788893871,482,526.0,1,323,332,27650,31760,670,4,338,32,32,0,0,11,active,308,316,0,0,connected,home,attached,81,NONE
1788893874,485,528.4,1,325,334,27818,31952,674,4,340,32,32,0,0,11,active,310,318,0,0,connected,home,attached,81,NONE
1788893876,487,530.7,1,326,335,27902,32048,676,4,341,32,32,0,0,12,active,311,319,0,0,connected,home,attached,81,NONE
1788893878,489,533.1,1,328,337,28062,32232,680,4,343,32,32,0,0,11,active,313,321,0,0,connected,home,attached,81,NONE
1788893881,492,535.4,1,330,339,28230,32424,684,4,345,32,32,0,0,11,active,315,323,0,0,connected,home,attached,81,NONE
1788893883,494,537.7,1,333,342,28486,32716,690,4,348,32,32,0,0,12,active,317,325,0,0,connected,home,attached,81,NONE
1788893885,496,540.0,1,335,344,28646,32900,694,4,350,32,32,0,0,11,active,319,327,0,0,connected,home,attached,81,NONE
1788893888,499,542.3,1,336,345,28730,32996,696,4,351,32,32,0,0,18,active,320,328,0,0,connected,home,attached,81,NONE
1788893890,501,544.6,1,338,347,28898,33188,700,4,353,32,32,0,0,11,active,322,330,0,0,connected,home,attached,81,NONE
1788893892,503,546.9,1,339,348,28982,33284,702,4,354,32,32,0,0,11,active,323,331,0,0,connected,home,attached,81,NONE
1788893895,505,549.2,1,340,349,29066,33380,704,4,355,32,32,0,0,12,active,324,332,0,0,connected,home,attached,81,NONE
1788893897,508,551.5,1,341,350,29150,33476,706,4,356,32,32,0,0,11,active,325,333,0,0,connected,home,attached,81,NONE
1788893899,510,553.8,1,343,352,29318,33668,710,4,358,32,32,0,0,12,active,327,335,0,0,connected,home,attached,81,NONE
1788893901,512,556.1,1,344,353,29402,33764,712,4,359,32,32,0,0,11,active,328,336,0,0,connected,home,attached,81,NONE
1788893904,515,558.3,1,345,354,29486,33860,714,4,360,32,32,0,0,12,active,329,337,0,0,connected,home,attached,81,NONE
1788893906,517,560.6,1,347,356,29654,34052,718,4,362,32,32,0,0,11,active,331,339,0,0,connected,home,attached,81,NONE
1788893908,519,562.9,1,348,357,29738,34148,720,4,363,32,32,0,0,11,active,332,340,0,0,connected,home,attached,81,NONE
1788893911,521,565.2,1,349,358,29822,34244,722,4,364,32,32,0,0,11,active,333,341,0,0,connected,home,attached,88,NONE
1788893913,524,567.5,1,350,359,29906,34340,724,4,365,32,32,0,0,13,active,334,342,0,0,connected,home,attached,88,NONE
1788893915,526,569.9,1,351,360,29990,34436,726,4,366,32,32,0,0,11,active,335,343,0,0,connected,home,attached,84,NONE
1788893918,528,572.1,1,353,362,30158,34628,730,4,368,32,32,0,0,11,active,337,345,0,0,connected,home,attached,84,NONE
1788893920,531,574.4,1,355,364,30326,34820,734,4,370,32,32,0,0,11,active,339,347,0,0,connected,home,attached,84,NONE
1788893922,533,576.8,1,356,365,30410,34916,736,4,371,32,32,0,0,12,active,340,348,0,0,connected,home,attached,84,NONE
1788893924,535,579.1,1,357,366,30494,35012,738,4,372,32,32,0,0,12,active,341,349,0,0,connected,home,attached,84,NONE
1788893927,538,581.4,1,358,367,30578,35108,740,4,373,32,32,0,0,12,active,342,350,0,0,connected,home,attached,84,NONE
1788893929,540,583.8,1,359,368,30662,35204,742,4,374,32,32,0,0,11,active,343,351,0,0,connected,home,attached,84,NONE
1788893931,542,586.0,1,360,369,30746,35300,744,4,375,32,32,0,0,12,active,344,352,0,0,connected,home,attached,84,NONE
1788893934,545,588.4,1,362,371,30914,35492,748,4,377,32,32,0,0,11,active,346,354,0,0,connected,home,attached,84,NONE
1788893936,547,590.6,1,364,373,31082,35684,752,4,379,32,32,0,0,11,active,348,356,0,0,connected,home,attached,84,NONE
1788893938,549,593.0,1,365,374,31166,35780,754,4,380,32,32,0,0,12,active,349,357,0,0,connected,home,attached,84,NONE
1788893941,552,595.3,1,366,375,31250,35876,756,4,381,32,32,0,0,12,active,350,358,0,0,connected,home,attached,84,NONE
1788893943,554,597.6,1,367,376,31334,35972,758,4,382,32,32,0,0,12,active,351,359,0,0,connected,home,attached,84,NONE
1788893945,556,600.0,1,369,378,31494,36156,762,4,384,32,32,0,0,11,active,353,361,0,0,connected,home,attached,84,NONE
1788893948,559,602.3,1,372,381,31750,36448,768,4,387,32,32,0,0,10,active,355,363,0,0,connected,home,attached,84,NONE
1788893950,561,604.6,1,374,383,31918,36640,772,4,389,32,32,0,0,11,active,357,365,0,0,connected,home,attached,84,NONE
1788893952,563,606.9,1,377,386,32162,36920,778,4,392,32,32,0,0,11,active,360,368,0,0,connected,home,attached,84,NONE
1788893955,565,609.2,1,378,387,32246,37016,780,4,393,32,32,0,0,11,active,361,369,0,0,connected,home,attached,84,NONE
1788893957,568,611.4,1,379,388,32330,37112,782,4,394,32,32,0,0,11,active,362,370,0,0,connected,home,attached,84,NONE
1788893959,570,613.7,1,380,389,32414,37208,784,4,395,32,32,0,0,12,active,363,371,0,0,connected,home,attached,84,NONE
1788893961,572,616.0,1,381,390,32498,37304,786,4,396,32,32,0,0,11,active,364,372,0,0,connected,home,attached,84,NONE
1788893964,575,618.3,1,382,391,32582,37400,788,4,397,32,32,0,0,11,active,365,373,0,0,connected,home,attached,84,NONE
1788893966,577,620.6,1,384,393,32750,37592,792,4,399,32,32,0,0,13,active,367,375,0,0,connected,home,attached,84,NONE
1788893968,579,622.9,1,386,395,32918,37784,796,4,401,32,32,0,0,11,active,369,377,0,0,connected,home,attached,84,NONE
1788893971,581,625.2,1,387,396,33002,37880,798,4,402,32,32,0,0,11,active,370,378,0,0,connected,home,attached,84,NONE
1788893973,584,627.5,1,388,397,33086,37976,800,4,403,32,32,0,0,11,active,371,379,0,0,connected,home,attached,84,NONE
1788893975,586,629.8,1,389,398,33170,38072,802,4,404,32,32,0,0,11,active,372,380,0,0,connected,home,attached,84,NONE
1788893977,588,632.1,1,390,399,33254,38168,804,4,405,32,32,0,0,12,active,373,381,0,0,connected,home,attached,84,NONE
1788893980,591,634.4,1,391,400,33338,38264,806,4,406,32,32,0,0,12,active,374,382,0,0,connected,home,attached,84,NONE
1788893982,593,636.7,1,393,402,33506,38456,810,4,408,32,32,0,0,11,active,376,384,0,0,connected,home,attached,84,NONE
1788893984,595,639.0,1,394,403,33590,38552,812,4,409,32,32,0,0,11,active,377,385,0,0,connected,home,attached,84,NONE
1788893987,598,641.2,1,396,405,33758,38744,816,4,411,32,32,0,0,11,active,379,387,0,0,connected,home,attached,89,NONE
1788893989,600,643.5,1,397,406,33842,38840,818,4,412,32,32,0,0,12,active,380,388,0,0,connected,home,attached,81,NONE
1788893991,602,645.9,1,398,407,33926,38936,820,4,413,32,32,0,0,12,active,381,389,0,0,connected,home,attached,81,NONE
1788893994,604,648.2,1,399,408,34010,39032,822,4,414,32,32,0,0,11,active,382,390,0,0,connected,home,attached,81,NONE
1788893996,607,650.4,1,400,409,34094,39128,824,4,415,32,32,0,0,12,active,383,391,0,0,connected,home,attached,81,NONE
1788893998,609,652.7,1,402,411,34262,39320,828,4,417,32,32,0,0,11,active,385,393,0,0,connected,home,attached,81,NONE
1788894000,611,655.0,1,403,412,34346,39416,830,4,418,32,32,0,0,12,active,386,394,0,0,connected,home,attached,81,NONE
1788894003,613,657.3,1,404,413,34430,39512,832,4,419,32,32,0,0,11,active,387,395,0,0,connected,home,attached,81,NONE
1788894005,616,659.6,1,406,415,34598,39704,836,4,421,32,32,0,0,11,active,389,397,0,0,connected,home,attached,81,NONE
1788894007,618,661.9,1,407,416,34682,39800,838,4,422,32,32,0,0,11,active,390,398,0,0,connected,home,attached,81,NONE
1788894010,620,664.2,1,409,418,34842,39984,842,4,424,32,32,0,0,12,active,392,400,0,0,connected,home,attached,81,NONE
1788894012,623,666.5,1,410,419,34926,40080,844,4,425,32,32,0,0,11,active,393,401,0,0,connected,home,attached,81,NONE
1788894014,625,668.8,1,414,423,35266,40468,852,4,429,32,32,0,0,12,active,396,404,0,0,connected,home,attached,81,NONE
1788894016,627,671.1,1,416,425,35426,40652,856,4,431,32,32,0,0,11,active,398,406,0,0,connected,home,attached,81,NONE
1788894019,630,673.3,1,417,426,35510,40748,858,4,432,32,32,0,0,12,active,399,407,0,0,connected,home,attached,81,NONE
1788894021,632,675.6,1,418,427,35594,40844,860,4,433,32,32,0,0,12,active,400,408,0,0,connected,home,attached,81,NONE
1788894023,634,677.9,1,420,429,35762,41036,864,4,435,32,32,0,0,11,active,402,410,0,0,connected,home,attached,81,NONE
1788894026,636,680.2,1,421,430,35846,41132,866,4,436,32,32,0,0,13,active,403,411,0,0,connected,home,attached,81,NONE
1788894028,639,682.5,1,423,432,36014,41324,870,4,438,32,32,0,0,11,active,405,413,0,0,connected,home,attached,81,NONE
1788894030,641,684.9,1,424,433,36098,41420,872,4,439,32,32,0,0,12,active,406,414,0,0,connected,home,attached,78,NONE
1788894033,643,687.2,1,425,434,36182,41516,874,4,440,32,32,0,0,14,active,407,415,0,0,connected,home,attached,86,NONE
1788894035,646,689.5,1,426,435,36266,41612,876,4,441,32,32,0,0,12,active,408,416,0,0,connected,home,attached,86,NONE
1788894037,648,691.8,1,427,436,36350,41708,878,4,442,32,32,0,0,13,active,409,417,0,0,connected,home,attached,86,NONE
1788894039,650,694.1,1,429,438,36518,41900,882,4,444,32,32,0,0,11,active,411,419,0,0,connected,home,attached,86,NONE
1788894042,653,696.4,1,430,439,36602,41996,884,4,445,32,32,0,0,11,active,412,420,0,0,connected,home,attached,86,NONE
1788894044,655,698.7,1,432,441,36770,42188,888,4,447,32,32,0,0,12,active,414,422,0,0,connected,home,attached,86,NONE
1788894046,657,701.0,1,433,442,36854,42284,890,4,448,32,32,0,0,12,active,415,423,0,0,connected,home,attached,86,NONE
1788894049,660,703.3,1,434,443,36938,42380,892,4,449,32,32,0,0,12,active,416,424,0,0,connected,home,attached,86,NONE
1788894051,662,705.7,1,435,444,37022,42476,894,4,450,32,32,0,0,11,active,417,425,0,0,connected,home,attached,86,NONE
1788894053,664,708.0,1,436,445,37106,42572,896,4,451,32,32,0,0,11,active,418,426,0,0,connected,home,attached,86,NONE
1788894056,667,710.3,1,437,447,37190,42764,899,4,453,32,32,0,0,1,active,420,428,0,0,connected,home,attached,86,NONE
1788894058,669,712.5,1,439,448,37358,42860,902,4,454,32,32,0,0,11,active,421,429,0,0,connected,home,attached,86,NONE
1788894060,671,714.8,1,441,450,37526,43052,906,4,456,32,32,0,0,12,active,423,431,0,0,connected,home,attached,86,NONE
1788894063,673,717.2,1,442,451,37610,43148,908,4,457,32,32,0,0,11,active,424,432,0,0,connected,home,attached,86,NONE
1788894065,676,719.5,1,443,452,37694,43244,910,4,458,32,32,0,0,11,active,425,433,0,0,connected,home,attached,89,NONE
1788894067,678,721.8,1,444,453,37778,43340,912,4,459,32,32,0,0,12,active,426,434,0,0,connected,home,attached,86,NONE
1788894069,680,724.1,1,445,454,37862,43436,914,4,460,32,32,0,0,12,active,427,435,0,0,connected,home,attached,86,NONE
1788894072,683,726.4,1,446,455,37946,43532,916,4,461,32,32,0,0,11,active,428,436,0,0,connected,home,attached,86,NONE
1788894074,685,728.8,1,449,458,38190,43812,922,4,464,32,32,0,0,12,active,431,439,0,0,connected,home,attached,86,NONE
1788894077,687,731.1,1,450,460,38274,44016,925,4,465,32,32,0,0,11,active,432,440,0,0,connected,home,attached,86,NONE
1788894079,690,733.4,1,452,461,38454,44112,928,4,467,32,32,0,0,11,active,433,441,0,0,connected,home,attached,86,NONE
1788894081,692,735.8,1,454,463,38614,44296,932,4,469,32,32,0,0,11,active,435,443,0,0,connected,home,attached,86,NONE
1788894083,694,738.0,1,455,464,38698,44392,934,4,470,32,32,0,0,12,active,436,444,0,0,connected,home,attached,86,NONE
1788894086,697,740.4,1,456,465,38782,44488,936,4,471,32,32,0,0,11,active,437,445,0,0,connected,home,attached,86,NONE
1788894088,699,742.8,1,457,467,38866,44680,939,4,473,32,32,0,0,1,active,439,447,0,0,connected,home,attached,86,NONE
1788894090,701,745.0,1,460,469,39118,44872,944,4,475,32,32,0,0,12,active,441,449,0,0,connected,home,attached,86,NONE
1788894093,704,747.4,1,461,470,39202,44968,946,4,476,32,32,0,0,12,active,442,450,0,0,connected,home,attached,88,NONE
1788894095,706,749.7,1,462,471,39286,45064,948,4,477,32,32,0,0,13,active,443,451,0,0,connected,home,attached,88,NONE
1788894097,708,752.0,1,463,472,39370,45160,950,4,478,32,32,0,0,14,active,444,452,0,0,connected,home,attached,84,NONE
1788894100,711,754.3,1,464,473,39454,45256,952,4,479,32,32,0,0,11,active,445,453,0,0,connected,home,attached,84,NONE
1788894102,713,756.6,1,465,474,39538,45352,954,4,480,32,32,0,0,12,active,446,454,0,0,connected,home,attached,84,NONE
1788894104,715,758.9,1,466,475,39622,45448,956,4,481,32,32,0,0,10,active,447,455,0,0,connected,home,attached,84,NONE
1788894107,717,761.2,1,468,477,39790,45640,960,4,483,32,32,0,0,12,active,449,457,0,0,connected,home,attached,78,NONE
1788894109,720,763.5,1,469,478,39874,45736,962,4,484,32,32,0,0,12,active,450,458,0,0,connected,home,attached,78,NONE
1788894111,722,765.8,1,470,479,39958,45832,964,4,485,32,32,0,0,11,active,451,459,0,0,connected,home,attached,84,NONE
1788894113,724,768.1,1,471,480,40042,45928,966,4,486,32,32,0,0,12,active,452,460,0,0,connected,home,attached,84,NONE
1788894116,727,770.5,1,472,481,40126,46024,968,4,487,32,32,0,0,11,active,453,461,0,0,connected,home,attached,84,NONE
1788894118,729,772.8,1,473,482,40210,46120,970,4,488,32,32,0,0,11,active,454,462,0,0,connected,home,attached,84,NONE
1788894120,731,775.1,1,475,484,40378,46312,974,4,490,32,32,0,0,11,active,456,464,0,0,connected,home,attached,84,NONE
1788894123,734,777.4,1,477,486,40546,46504,978,4,492,32,32,0,0,11,active,458,466,0,0,connected,home,attached,84,NONE
1788894125,736,779.7,1,478,487,40630,46600,980,4,493,32,32,0,0,12,active,459,467,0,0,connected,home,attached,84,NONE
1788894127,738,782.0,1,479,488,40714,46696,982,4,494,32,32,0,0,11,active,460,468,0,0,connected,home,attached,88,NONE
1788894130,741,784.3,1,480,489,40798,46792,984,4,495,32,32,0,0,15,active,461,469,0,0,connected,home,attached,83,NONE
1788894132,743,786.6,1,481,490,40882,46888,986,4,496,32,32,0,0,11,active,462,470,0,0,connected,home,attached,83,NONE
1788894134,745,789.0,1,482,491,40966,46984,988,4,497,32,32,0,0,12,active,463,471,0,0,connected,home,attached,83,NONE
1788894137,748,791.3,1,484,493,41134,47176,992,4,499,32,32,0,0,11,active,465,473,0,0,connected,home,attached,83,NONE
1788894139,750,793.6,1,486,495,41302,47368,996,4,501,32,32,0,0,10,active,467,475,0,0,connected,home,attached,83,NONE
1788894141,752,796.0,1,487,496,41386,47464,998,4,502,32,32,0,0,14,active,468,476,0,0,connected,home,attached,83,NONE
1788894144,754,798.2,1,488,497,41470,47560,1000,4,503,32,32,0,0,14,active,469,477,0,0,connected,home,attached,83,NONE
1788894146,757,800.6,1,489,498,41554,47656,1002,4,504,32,32,0,0,14,active,470,478,0,0,connected,home,attached,83,NONE
1788894148,759,802.9,1,490,499,41638,47752,1004,4,505,32,32,0,0,12,active,471,479,0,0,connected,home,attached,83,NONE
1788894151,761,805.3,1,493,502,41882,48032,1010,4,508,32,32,0,0,9,active,474,482,0,0,connected,home,attached,83,NONE
1788894153,764,807.6,1,494,503,41966,48128,1012,4,509,32,32,0,0,12,active,475,483,0,0,connected,home,attached,88,NONE
1788894155,766,809.9,1,495,505,42050,48320,1015,4,511,32,32,0,0,1,active,477,485,0,0,connected,home,attached,88,NONE
1788894158,768,812.2,1,497,506,42218,48416,1018,4,512,32,32,0,0,12,active,478,486,0,0,connected,home,attached,81,NONE
1788894160,771,814.5,1,498,507,42302,48512,1020,4,513,32,32,0,0,15,active,479,487,0,0,connected,home,attached,81,NONE
1788894162,773,816.8,1,499,508,42386,48608,1022,4,514,32,32,0,0,13,active,480,488,0,0,connected,home,attached,81,NONE
1788894165,775,819.1,1,500,509,42470,48704,1024,4,515,32,32,0,0,11,active,481,489,0,0,connected,home,attached,81,NONE
1788894167,778,821.4,1,502,511,42638,48896,1028,4,517,32,32,0,0,14,active,483,491,0,0,connected,home,attached,81,NONE
1788894169,780,823.7,1,503,512,42722,48992,1030,4,518,32,32,0,0,12,active,484,492,0,0,connected,home,attached,81,NONE
1788894171,782,826.1,1,504,514,42806,49184,1033,4,519,32,32,0,0,11,active,486,494,0,0,connected,home,attached,81,NONE
1788894174,785,828.4,1,506,515,42974,49280,1036,4,521,32,32,0,0,11,active,487,495,0,0,connected,home,attached,81,NONE
1788894176,787,830.7,1,507,516,43058,49376,1038,4,522,32,32,0,0,11,active,488,496,0,0,connected,home,attached,81,NONE
1788894178,789,833.0,1,508,517,43142,49472,1040,4,523,32,32,0,0,11,active,489,497,0,0,connected,home,attached,81,NONE
1788894181,792,835.3,1,509,518,43226,49568,1042,4,524,32,32,0,0,12,active,490,498,0,0,connected,home,attached,81,NONE
1788894183,794,837.6,1,511,520,43394,49760,1046,4,526,32,32,0,0,12,active,492,500,0,0,connected,home,attached,81,NONE
1788894185,796,839.9,1,512,521,43478,49856,1048,4,527,32,32,0,0,11,active,493,501,0,0,connected,home,attached,81,NONE
1788894188,798,842.2,1,513,522,43562,49952,1050,4,528,32,32,0,0,12,active,494,502,0,0,connected,home,attached,81,NONE
1788894190,801,844.5,1,515,524,43730,50144,1054,4,530,32,32,0,0,11,active,496,504,0,0,connected,home,attached,81,NONE
1788894192,803,846.8,1,516,525,43814,50240,1056,4,531,32,32,0,0,11,active,497,505,0,0,connected,home,attached,81,NONE
1788894194,805,849.1,1,517,526,43898,50336,1058,4,532,32,32,0,0,12,active,498,506,0,0,connected,home,attached,81,NONE
1788894197,808,851.5,1,519,528,44066,50528,1062,4,534,32,32,0,0,12,active,500,508,0,0,connected,home,attached,81,NONE
1788894199,810,853.8,1,520,529,44150,50624,1064,4,535,32,32,0,0,12,active,501,509,0,0,connected,home,attached,81,NONE
1788894201,812,856.1,1,521,530,44234,50720,1066,4,536,32,32,0,0,12,active,502,510,0,0,connected,home,attached,89,NONE
1788894204,815,858.4,1,522,531,44318,50816,1068,4,537,32,32,0,0,13,active,503,511,0,0,connected,home,attached,89,NONE
1788894206,817,860.7,1,525,534,44574,51108,1074,4,540,32,32,0,0,10,active,505,513,0,0,connected,home,attached,89,NONE
1788894208,819,863.0,1,526,535,44658,51204,1076,4,541,32,32,0,0,12,active,506,514,0,0,connected,home,attached,84,NONE
1788894211,822,865.4,1,528,537,44818,51388,1080,4,543,32,32,0,0,12,active,508,516,0,0,connected,home,attached,88,NONE
1788894213,824,867.6,1,530,539,44986,51580,1084,4,545,32,32,0,0,11,active,510,518,0,0,connected,home,attached,88,NONE
1788894215,826,870.0,1,531,540,45070,51676,1086,4,546,32,32,0,0,13,active,511,519,0,0,connected,home,attached,81,NONE
1788894218,829,872.4,1,532,541,45154,51772,1088,4,547,32,32,0,0,19,active,512,520,0,0,connected,home,attached,81,NONE
1788894220,831,874.7,1,533,542,45238,51868,1090,4,548,32,32,0,0,11,active,513,521,0,0,connected,home,attached,81,NONE
1788894222,833,877.0,1,535,544,45406,52060,1094,4,550,32,32,0,0,13,active,515,523,0,0,connected,home,attached,81,NONE
1788894225,836,879.3,1,536,545,45490,52156,1096,4,551,32,32,0,0,11,active,516,524,0,0,connected,home,attached,81,NONE
1788894227,838,881.6,1,537,546,45574,52252,1098,4,552,32,32,0,0,12,active,517,525,0,0,connected,home,attached,81,NONE
1788894229,840,883.9,1,539,548,45742,52444,1102,4,554,32,32,0,0,12,active,519,527,0,0,connected,home,attached,81,NONE
1788894232,842,886.2,1,540,549,45826,52540,1104,4,555,32,32,0,0,13,active,520,528,0,0,connected,home,attached,81,NONE
1788894234,845,888.6,1,541,550,45910,52636,1106,4,556,32,32,0,0,12,active,521,529,0,0,connected,home,attached,81,NONE
1788894236,847,890.9,1,542,551,45994,52732,1108,4,557,32,32,0,0,12,active,522,530,0,0,connected,home,attached,81,NONE
1788894239,849,893.1,1,543,553,46078,52924,1111,4,559,32,32,0,0,1,active,524,532,0,0,connected,home,attached,81,NONE
1788894241,852,895.4,1,545,554,46246,53020,1114,4,560,32,32,0,0,11,active,525,533,0,0,connected,home,attached,81,NONE
1788894243,854,897.7,1,547,556,46414,53212,1118,4,562,32,32,0,0,9,active,527,535,0,0,connected,home,attached,81,NONE
1788894245,856,900.0,1,548,557,46498,53308,1120,4,563,32,32,0,0,12,active,528,536,0,0,connected,home,attached,81,NONE
1788894248,859,902.3,1,549,558,46582,53404,1122,4,564,32,32,0,0,11,active,529,537,0,0,connected,home,attached,81,NONE
1788894250,861,904.6,1,550,559,46666,53500,1124,4,565,32,32,0,0,11,active,530,538,0,0,connected,home,attached,81,NONE
1788894252,863,907.0,1,551,560,46750,53596,1126,4,566,32,32,0,0,11,active,531,539,0,0,connected,home,attached,81,NONE
1788894255,866,909.3,1,552,561,46834,53692,1128,4,567,32,32,0,0,12,active,532,540,0,0,connected,home,attached,81,NONE
1788894257,868,911.6,1,554,563,47002,53884,1132,4,569,32,32,0,0,14,active,534,542,0,0,connected,home,attached,81,NONE
1788894259,870,913.9,0,554,568,47002,54364,1137,4,569,32,32,0,0,5273,active,534,547,0,0,connected,home,attached,81,NONE
1788894265,875,919.2,0,554,573,47002,54844,1142,4,569,32,32,0,0,10552,active,534,552,0,0,connected,home,attached,81,NONE
1788894270,881,924.5,0,555,573,47106,54844,1144,5,570,32,32,0,0,1591,suspended,None,None,None,None,registered,home,attached,81,NONE
1788894272,883,926.7,0,555,573,47106,54844,1144,8,570,32,32,0,0,3860,active,534,0,0,0,connected,home,attached,81,NONE
1788894274,885,929.0,0,555,573,47106,54844,1144,8,570,32,32,0,0,6121,active,534,0,0,0,connected,home,attached,81,NONE
1788894277,887,931.3,0,555,573,47106,54844,1144,8,570,32,32,0,0,8387,active,534,0,0,0,connected,home,attached,81,NONE
1788894279,890,933.5,0,555,573,47106,54844,1144,8,570,32,32,0,0,10654,active,534,0,0,0,connected,home,attached,81,NONE
1788894281,892,935.8,0,555,573,47106,54844,1144,8,570,32,32,0,0,12922,active,534,0,0,0,connected,home,attached,81,NONE
1788894283,894,938.0,0,555,573,47106,54844,1144,8,570,32,32,0,0,15181,active,534,0,0,0,connected,home,attached,81,NONE
1788894286,897,940.3,0,555,573,47106,54844,1144,8,570,32,32,0,0,17444,active,534,0,0,0,connected,home,attached,81,NONE
1788894288,899,942.6,0,555,573,47106,54844,1144,8,570,32,32,0,0,19710,active,534,0,0,0,connected,home,attached,81,NONE
1788894290,901,944.8,0,555,573,47106,54844,1144,8,570,32,32,0,0,21929,active,534,0,0,0,connected,home,attached,81,NONE
1788894292,903,947.1,0,555,573,47106,54844,1144,8,570,32,32,0,0,24198,active,534,0,0,0,connected,home,attached,81,NONE
1788894295,906,949.3,0,555,573,47106,54844,1144,8,570,32,32,0,0,26424,active,534,0,0,0,connected,home,attached,81,NONE
1788894297,908,951.5,0,555,573,47106,54844,1144,8,570,32,32,0,0,28683,active,534,0,0,0,connected,home,attached,81,NONE
1788894299,910,953.8,0,555,573,47106,54844,1144,8,570,32,32,0,0,30959,active,534,0,0,0,connected,home,attached,81,NONE
1788894301,912,956.1,0,555,573,47106,54844,1144,8,570,32,32,0,0,33229,active,534,0,0,0,connected,home,attached,81,NONE
1788894304,915,958.4,0,555,573,47106,54844,1144,8,570,32,32,0,0,35506,active,534,0,0,0,connected,home,attached,81,NONE
1788894306,917,960.6,0,555,573,47106,54844,1144,8,570,32,32,0,0,37777,active,534,0,0,0,connected,home,attached,81,NONE
1788894308,919,962.9,0,555,573,47106,54844,1144,8,570,32,32,0,0,40046,active,534,0,0,0,connected,home,attached,81,NONE
1788894311,921,965.1,0,555,573,47106,54844,1144,8,570,32,32,0,0,42263,active,534,0,0,0,connected,home,attached,81,NONE
1788894313,924,967.4,0,555,573,47106,54844,1144,8,570,32,32,0,0,44481,active,534,0,0,0,connected,home,attached,81,NONE
1788894315,926,969.6,0,555,573,47106,54844,1144,8,570,32,32,0,0,46703,active,534,0,0,0,connected,home,attached,81,NONE
1788894317,928,971.8,0,555,573,47106,54844,1144,8,570,32,32,0,0,48968,active,534,0,0,0,connected,home,attached,81,NONE
1788894319,930,974.1,0,555,573,47106,54844,1144,8,570,32,32,0,0,51241,active,534,0,0,0,connected,home,attached,81,NONE
1788894322,933,976.4,0,555,573,47106,54844,1144,8,570,32,32,0,0,53503,active,534,0,0,0,connected,home,attached,81,NONE
1788894324,935,978.6,0,555,573,47106,54844,1144,8,570,32,32,0,0,55724,active,534,0,0,0,connected,home,attached,81,NONE
1788894326,937,980.9,0,555,573,47106,54844,1144,8,570,32,32,0,0,57977,active,534,0,0,0,connected,home,attached,81,NONE
1788894328,939,983.1,0,555,573,47106,54844,1144,8,570,32,32,0,0,60200,active,534,0,0,0,connected,home,attached,81,NONE
1788894331,942,985.3,0,555,573,47106,54844,1144,8,570,32,32,0,0,62419,active,534,0,0,0,connected,home,attached,81,NONE
1788894333,944,987.5,0,555,573,47106,54844,1144,8,570,32,32,0,0,64672,active,534,0,0,0,connected,home,attached,81,NONE
1788894335,946,989.8,0,555,573,47106,54844,1144,8,570,32,32,0,0,66937,active,534,0,0,0,connected,home,attached,81,NONE
1788894337,948,992.0,0,555,573,47106,54844,1144,8,570,32,32,0,0,69163,active,534,0,0,0,connected,home,attached,81,NONE
1788894340,951,994.2,0,555,573,47106,54844,1144,8,570,32,32,0,0,71384,active,534,0,0,0,connected,home,attached,81,NONE
1788894342,953,996.5,0,555,573,47106,54844,1144,8,570,32,32,0,0,73606,active,534,0,0,0,connected,home,attached,81,NONE
1788894344,955,998.7,0,555,573,47106,54844,1144,8,570,32,32,0,0,75871,active,534,0,0,0,connected,home,attached,81,NONE
1788894346,957,1001.0,0,555,573,47106,54844,1144,8,570,32,32,0,0,78093,active,534,0,0,0,connected,home,attached,81,NONE
1788894349,959,1003.2,0,555,573,47106,54844,1144,8,570,32,32,0,0,80348,active,534,0,0,0,connected,home,attached,81,NONE
1788894351,962,1005.4,0,555,573,47106,54844,1144,8,570,32,32,0,0,82568,active,534,0,0,0,connected,home,attached,81,NONE
1788894353,964,1007.7,0,555,573,47106,54844,1144,8,570,32,32,0,0,84828,active,534,0,0,0,connected,home,attached,81,NONE
1788894355,966,1010.0,0,555,573,47106,54844,1144,8,570,32,32,0,0,87095,active,534,0,0,0,connected,home,attached,81,NONE
1788894358,968,1012.2,0,555,573,47106,54844,1144,8,570,32,32,0,0,89367,active,534,0,0,0,connected,home,attached,81,NONE
1788894360,971,1014.5,0,555,573,47106,54844,1144,8,570,32,32,0,0,91595,active,534,0,0,0,connected,home,attached,81,NONE
1788894362,973,1016.7,0,555,573,47106,54844,1144,8,570,32,32,0,0,93857,active,534,0,0,0,connected,home,attached,81,NONE
1788894364,975,1019.0,0,555,573,47106,54844,1144,8,570,32,32,0,0,96123,active,534,0,0,0,connected,home,attached,81,NONE
1788894367,977,1021.2,0,555,573,47106,54844,1144,8,570,32,32,0,0,98344,active,534,0,0,0,connected,home,attached,81,NONE
1788894369,980,1023.5,0,555,573,47106,54844,1144,8,570,32,32,0,0,100613,active,534,0,0,0,connected,home,attached,81,NONE
1788894371,982,1025.7,0,555,573,47106,54844,1144,8,570,32,32,0,0,102849,active,534,0,0,0,connected,home,attached,81,NONE
1788894373,984,1028.0,0,555,573,47106,54844,1144,8,570,32,32,0,0,105118,active,534,0,0,0,connected,home,attached,81,NONE
1788894376,986,1030.2,0,555,573,47106,54844,1144,8,570,32,32,0,0,107381,active,534,0,0,0,connected,home,attached,81,NONE
1788894378,989,1032.5,0,555,573,47106,54844,1144,8,570,32,32,0,0,109609,active,534,0,0,0,connected,home,attached,81,NONE
1788894380,991,1034.7,0,555,573,47106,54844,1144,8,570,32,32,0,0,111829,active,534,0,0,0,connected,home,attached,81,NONE
1788894382,993,1036.9,0,555,573,47106,54844,1144,8,570,32,32,0,0,114049,active,534,0,0,0,connected,home,attached,81,NONE
1788894385,995,1039.1,0,555,573,47106,54844,1144,8,570,32,32,0,0,116266,active,534,0,0,0,connected,home,attached,81,NONE
1788894387,998,1041.4,0,555,573,47106,54844,1144,8,570,32,32,0,0,118533,active,534,0,0,0,connected,home,attached,81,NONE
1788894389,1000,1043.7,0,555,573,47106,54844,1144,8,570,32,32,0,0,120800,active,534,0,0,0,connected,home,attached,81,NONE
1788894391,1002,1045.9,0,555,573,47106,54844,1144,8,570,32,32,0,0,123071,active,534,0,0,0,connected,home,attached,81,NONE
1788894394,1004,1048.2,0,555,573,47106,54844,1144,8,570,32,32,0,0,125301,active,534,0,0,0,connected,home,attached,81,NONE
1788894396,1007,1050.4,0,555,573,47106,54844,1144,8,570,32,32,0,0,127564,active,534,0,0,0,connected,home,attached,81,NONE
1788894398,1009,1052.7,0,555,573,47106,54844,1144,8,570,32,32,0,0,129824,active,534,0,0,0,connected,home,attached,81,NONE
1788894400,1011,1055.0,0,555,573,47106,54844,1144,8,570,32,32,0,0,132091,active,534,0,0,0,connected,home,attached,81,NONE
1788894403,1013,1057.2,0,555,573,47106,54844,1144,8,570,32,32,0,0,134313,active,534,0,0,0,connected,home,attached,81,NONE
1788894405,1016,1059.5,0,555,573,47106,54844,1144,8,570,32,32,0,0,136576,active,534,0,0,0,connected,home,attached,81,NONE
1788894407,1018,1061.7,0,555,573,47106,54844,1144,8,570,32,32,0,0,138841,active,534,0,0,0,connected,home,attached,81,NONE
1788894409,1020,1063.9,0,555,573,47106,54844,1144,8,570,32,32,0,0,141064,active,534,0,0,0,connected,home,attached,81,NONE
1788894412,1022,1066.2,0,555,573,47106,54844,1144,8,570,32,32,0,0,143324,active,534,0,0,0,connected,home,attached,81,NONE
1788894414,1025,1068.4,0,555,573,47106,54844,1144,8,570,32,32,0,0,145540,active,534,0,0,0,connected,home,attached,81,NONE
1788894416,1027,1070.7,0,555,573,47106,54844,1144,8,570,32,32,0,0,147800,active,534,0,0,0,connected,home,attached,81,NONE
1788894418,1029,1072.9,0,555,573,47106,54844,1144,8,570,32,32,0,0,150018,active,534,0,0,0,connected,home,attached,81,NONE
1788894421,1031,1075.2,0,555,573,47106,54844,1144,8,570,32,32,0,0,152278,active,534,0,0,0,connected,home,attached,81,NONE
1788894423,1034,1077.4,0,555,573,47106,54844,1144,8,570,32,32,0,0,154544,active,534,0,0,0,connected,home,attached,81,NONE
1788894425,1036,1079.6,0,555,573,47106,54844,1144,8,570,32,32,0,0,156766,active,534,0,0,0,connected,home,attached,81,NONE
1788894427,1038,1081.9,0,555,573,47106,54844,1144,8,570,32,32,0,0,159040,active,534,0,0,0,connected,home,attached,81,NONE
1788894430,1040,1084.2,0,555,573,47106,54844,1144,8,570,32,32,0,0,161310,active,534,0,0,0,connected,home,attached,81,NONE
1788894432,1043,1086.5,0,555,573,47106,54844,1144,8,570,32,32,0,0,163580,active,534,0,0,0,connected,home,attached,81,NONE
1788894434,1045,1088.7,0,555,573,47106,54844,1144,8,570,32,32,0,0,165796,active,534,0,0,0,connected,home,attached,81,NONE
1788894436,1047,1090.9,0,555,573,47106,54844,1144,8,570,32,32,0,0,168013,active,534,0,0,0,connected,home,attached,81,NONE
1788894439,1049,1093.1,0,555,573,47106,54844,1144,8,570,32,32,0,0,170236,active,534,0,0,0,connected,home,attached,81,NONE
1788894441,1052,1095.4,0,555,573,47106,54844,1144,8,570,32,32,0,0,172499,active,534,0,0,0,connected,home,attached,81,NONE
1788894443,1054,1097.6,0,555,573,47106,54844,1144,8,570,32,32,0,0,174763,active,534,0,0,0,connected,home,attached,81,NONE
1788894445,1056,1099.9,0,555,573,47106,54844,1144,8,570,32,32,0,0,176989,active,534,0,0,0,connected,home,attached,81,NONE
1788894447,1058,1102.1,0,555,573,47106,54844,1144,8,570,32,32,0,0,179208,active,534,0,0,0,connected,home,attached,81,NONE
1788894450,1061,1104.3,0,555,573,47106,54844,1144,8,570,32,32,0,0,181465,suspended,None,None,None,None,registered,home,attached,81,NONE
1788894452,1063,1106.6,0,555,577,47106,55228,1149,9,570,32,32,0,0,186731,active,0,4,0,0,connected,home,attached,81,NONE
1788894457,1068,1111.9,0,555,583,47106,55804,1155,9,570,32,32,0,0,192009,active,0,10,0,0,connected,home,attached,81,NONE
1788894463,1073,1117.1,0,555,588,47106,56276,1160,9,570,32,32,0,0,197277,active,0,16,0,0,connected,home,attached,81,NONE
1788894468,1079,1122.4,0,555,595,47106,56952,1167,9,570,32,32,0,0,202501,active,0,21,0,0,connected,home,attached,81,NONE
1788894473,1084,1127.7,0,555,601,47106,57520,1173,9,570,32,32,0,0,207779,active,0,27,0,0,connected,home,attached,81,NONE
1788894478,1089,1132.9,0,555,607,47106,58096,1179,9,570,32,32,0,0,213013,active,0,33,0,0,connected,home,attached,81,NONE
1788894484,1094,1138.2,0,555,611,47106,58480,1183,9,570,32,32,0,0,218283,active,0,37,0,0,connected,home,attached,81,NONE
1788894489,1100,1143.4,0,555,616,47106,58960,1188,9,570,32,32,0,0,223556,active,0,42,0,0,connected,home,attached,81,NONE
1788894494,1105,1148.7,0,555,622,47106,59536,1194,9,570,32,32,0,0,228816,active,0,48,0,0,connected,home,attached,81,NONE
1788894499,1110,1154.0,0,555,627,47106,60016,1199,9,570,32,32,0,0,234084,active,0,53,0,0,connected,home,attached,81,NONE
1788894505,1115,1159.2,0,555,631,47106,60400,1203,9,570,32,32,0,0,239354,active,0,57,0,0,connected,home,attached,81,NONE
1788894510,1121,1164.5,0,555,637,47106,60976,1209,9,570,32,32,0,0,244633,active,0,63,0,0,connected,home,attached,81,NONE
1788894515,1126,1169.8,0,555,642,47106,61456,1214,9,570,32,32,0,0,249913,active,0,68,0,0,connected,home,attached,81,NONE
1788894520,1131,1175.0,0,555,647,47106,61936,1219,9,570,32,32,0,0,255137,active,0,73,0,0,connected,home,attached,81,NONE
1788894526,1136,1180.3,0,555,651,47106,62320,1223,9,570,32,32,0,0,260402,active,0,77,0,0,connected,home,attached,81,NONE
1788894531,1142,1185.5,0,555,657,47106,62896,1229,9,570,32,32,0,0,265632,active,0,83,0,0,connected,home,attached,81,NONE
1788894536,1147,1190.7,0,555,662,47106,63376,1234,9,570,32,32,0,0,270873,active,0,88,0,0,connected,home,attached,81,NONE
1788894541,1152,1196.0,0,555,666,47106,63760,1238,9,570,32,32,0,0,276106,active,0,92,0,0,connected,home,attached,81,NONE
1788894547,1157,1201.2,0,555,672,47106,64336,1244,9,570,32,32,0,0,281379,active,0,98,0,0,connected,home,attached,81,NONE
1788894552,1163,1206.5,0,555,677,47106,64816,1249,9,570,32,32,0,0,286614,active,0,103,0,0,connected,home,attached,81,NONE
1788894557,1168,1211.8,0,555,682,47106,65296,1254,9,570,32,32,0,0,291888,active,0,108,0,0,connected,home,attached,81,NONE
1788894562,1173,1217.0,0,555,687,47106,65776,1259,9,570,32,32,0,0,297157,active,0,113,0,0,connected,home,attached,81,NONE
1788894568,1179,1222.3,0,555,692,47106,66256,1264,9,570,32,32,0,0,302390,active,0,118,0,0,connected,home,attached,81,NONE
1788894573,1184,1227.5,0,555,697,47106,66736,1269,9,570,32,32,0,0,307617,active,0,123,0,0,connected,home,attached,81,NONE
1788894578,1189,1232.8,0,555,702,47106,67216,1274,9,570,32,32,0,0,312908,active,0,128,0,0,connected,home,attached,81,NONE
1788894583,1194,1238.0,0,555,707,47106,67696,1279,9,570,32,32,0,0,318172,active,0,133,0,0,connected,home,attached,81,NONE
1788894589,1200,1243.3,0,555,712,47106,68176,1284,9,570,32,32,0,0,323447,active,0,138,0,0,connected,home,attached,81,NONE
1788894594,1205,1248.6,0,555,717,47106,68656,1289,9,570,32,32,0,0,328729,active,0,143,0,0,connected,home,attached,81,NONE
1788894599,1210,1253.9,0,555,722,47106,69136,1295,9,570,32,32,0,0,334001,active,0,149,0,0,connected,home,attached,81,NONE
1788894605,1215,1259.1,0,555,727,47106,69616,1299,9,570,32,32,0,0,339222,active,0,153,0,0,connected,home,attached,81,NONE
1788894610,1221,1264.3,0,555,732,47106,70096,1304,9,570,32,32,0,0,344484,active,0,158,0,0,connected,home,attached,81,NONE
1788894615,1226,1269.6,0,555,740,47106,70868,1312,9,570,32,32,0,0,349756,active,0,165,0,0,connected,home,attached,81,NONE
1788894620,1231,1274.9,0,555,746,47106,71428,1318,9,570,32,32,0,0,355019,active,0,171,0,0,connected,home,attached,81,NONE
1788894626,1236,1280.1,0,556,751,47210,71908,1325,9,571,32,32,0,0,693,active,None,None,None,None,registered,home,attached,81,NONE
1788894631,1242,1285.4,0,556,755,47210,72292,1330,11,571,32,32,0,0,5949,active,0,4,0,0,connected,home,attached,81,NONE
1788894636,1247,1290.6,0,556,768,47210,73516,1342,11,571,32,32,0,0,11218,active,0,15,0,0,connected,home,attached,81,NONE
1788894641,1252,1295.9,0,556,789,47210,75484,1358,11,571,32,32,0,0,16457,active,0,32,0,0,connected,home,attached,81,NONE
1788894647,1257,1301.2,0,556,793,47210,75868,1362,11,571,32,32,0,0,21731,active,0,36,0,0,connected,home,attached,81,NONE
1788894652,1263,1306.4,0,556,799,47210,76444,1368,11,571,32,32,0,0,27000,active,0,42,0,0,connected,home,attached,81,NONE
1788894657,1268,1311.7,0,556,804,47210,76924,1373,11,571,32,32,0,0,32229,active,0,47,0,0,connected,home,attached,81,NONE
1788894662,1273,1316.9,0,556,809,47210,77404,1378,11,571,32,32,0,0,37505,active,0,52,0,0,connected,home,attached,81,NONE
1788894668,1278,1322.2,0,556,814,47210,77884,1383,11,571,32,32,0,0,42779,active,0,57,0,0,connected,home,attached,81,NONE
1788894673,1284,1327.5,0,556,819,47210,78364,1388,11,571,32,32,0,0,48056,active,0,62,0,0,connected,home,attached,81,NONE
1788894678,1289,1332.7,0,556,824,47210,78844,1393,11,571,32,32,0,0,53288,active,0,67,0,0,connected,home,attached,81,NONE
1788894683,1294,1338.0,0,556,830,47210,79420,1399,11,571,32,32,0,0,58559,active,0,73,0,0,connected,home,attached,81,NONE
1788894689,1299,1343.2,0,556,834,47210,79804,1403,11,571,32,32,0,0,63790,active,0,77,0,0,connected,home,attached,81,NONE
1788894694,1305,1348.4,0,556,839,47210,80284,1408,11,571,32,32,0,0,69016,active,0,82,0,0,connected,home,attached,81,NONE
1788894699,1310,1353.7,0,556,844,47210,80764,1413,11,571,32,32,0,0,74284,active,0,87,0,0,connected,home,attached,81,NONE
1788894704,1315,1359.0,0,556,849,47210,81244,1418,11,571,32,32,0,0,79559,active,0,92,0,0,connected,home,attached,81,NONE
1788894710,1320,1364.3,0,556,854,47210,81724,1423,11,571,32,32,0,0,84834,active,0,97,0,0,connected,home,attached,81,NONE
1788894715,1326,1369.5,0,556,859,47210,82204,1428,11,571,32,32,0,0,90066,active,0,102,0,0,connected,home,attached,81,NONE
1788894720,1331,1374.8,0,556,865,47210,82780,1434,11,571,32,32,0,0,95337,active,0,108,0,0,connected,home,attached,81,NONE
1788894725,1336,1380.0,0,556,869,47210,83164,1438,11,571,32,32,0,0,100567,active,0,112,0,0,connected,home,attached,81,NONE
1788894731,1341,1385.3,0,556,874,47210,83644,1443,11,571,32,32,0,0,105839,active,0,117,0,0,connected,home,attached,81,NONE
1788894736,1347,1390.5,0,556,880,47210,84220,1449,11,571,32,32,0,0,111075,active,0,123,0,0,connected,home,attached,81,NONE
1788894741,1352,1395.8,0,556,885,47210,84700,1454,11,571,32,32,0,0,116342,active,0,128,0,0,connected,home,attached,81,NONE
1788894746,1357,1401.0,0,556,889,47210,85084,1458,11,571,32,32,0,0,121615,active,0,132,0,0,connected,home,attached,81,NONE
1788894752,1363,1406.3,0,556,894,47210,85564,1463,11,571,32,32,0,0,126849,active,0,137,0,0,connected,home,attached,81,NONE
1788894757,1368,1411.5,0,556,900,47210,86140,1469,11,571,32,32,0,0,132077,active,0,143,0,0,connected,home,attached,81,NONE
1788894762,1373,1416.7,0,556,904,47210,86524,1473,11,571,32,32,0,0,137312,active,0,147,0,0,connected,home,attached,81,NONE
1788894767,1378,1422.0,0,556,909,47210,87004,1478,11,571,32,32,0,0,142581,active,0,152,0,0,connected,home,attached,81,NONE
1788894773,1383,1427.3,0,556,915,47210,87580,1484,11,571,32,32,0,0,147849,active,0,158,0,0,connected,home,attached,81,NONE
1788894778,1389,1432.5,0,556,920,47210,88060,1489,11,571,32,32,0,0,153122,active,0,163,0,0,connected,home,attached,81,NONE
1788894783,1394,1437.8,0,556,924,47210,88444,1493,11,571,32,32,0,0,158394,active,0,167,0,0,connected,home,attached,81,NONE
1788894788,1399,1443.1,0,556,930,47210,89020,1499,11,571,32,32,0,0,163670,active,0,173,0,0,connected,home,attached,81,NONE
1788894794,1405,1448.4,0,556,935,47210,89500,1504,11,571,32,32,0,0,168936,active,0,178,0,0,connected,home,attached,81,NONE
1788894799,1410,1453.6,0,556,940,47210,89980,1509,11,571,32,32,0,0,174210,active,0,183,0,0,connected,home,attached,81,NONE
1788894804,1415,1458.9,0,556,945,47210,90460,1514,11,571,32,32,0,0,179481,active,0,188,0,0,connected,home,attached,81,NONE
1788894810,1420,1464.2,0,557,946,47314,90556,1517,11,572,32,32,0,0,411,active,None,None,None,None,registered,home,attached,81,NONE
1788894812,1423,1466.4,0,557,946,47314,90556,1517,13,572,32,32,0,0,2676,active,0,0,0,0,connected,home,attached,81,NONE
1788894814,1425,1468.7,0,557,950,47314,90940,1522,13,572,32,32,0,0,7948,active,0,4,0,0,connected,home,attached,81,NONE
1788894819,1430,1473.9,0,557,955,47314,91420,1527,13,572,32,32,0,0,13179,active,0,9,0,0,connected,home,attached,81,NONE
1788894825,1435,1479.2,0,557,960,47314,91900,1532,13,572,32,32,0,0,18441,active,0,14,0,0,connected,home,attached,81,NONE
1788894830,1441,1484.4,0,557,965,47314,92380,1537,13,572,32,32,0,0,23669,active,0,19,0,0,connected,home,attached,81,NONE
1788894835,1446,1489.7,0,557,970,47314,92860,1542,13,572,32,32,0,0,28948,active,0,24,0,0,connected,home,attached,81,NONE
1788894840,1451,1494.9,0,557,975,47314,93340,1547,13,572,32,32,0,0,34182,active,0,29,0,0,connected,home,attached,81,NONE
1788894846,1456,1500.2,0,557,980,47314,93820,1552,13,572,32,32,0,0,39457,active,0,34,0,0,connected,home,attached,81,NONE
1788894851,1462,1505.5,0,557,985,47314,94300,1557,13,572,32,32,0,0,44742,active,0,39,0,0,connected,home,attached,81,NONE
1788894856,1467,1510.8,0,557,991,47314,94876,1563,13,572,32,32,0,0,50020,active,0,45,0,0,connected,home,attached,81,NONE
1788894861,1472,1516.0,0,557,995,47314,95260,1567,13,572,32,32,0,0,55273,active,0,49,0,0,connected,home,attached,81,NONE
1788894867,1478,1521.2,0,557,1000,47314,95740,1572,13,572,32,32,0,0,60516,active,0,54,0,0,connected,home,attached,81,NONE
1788894872,1483,1526.5,0,557,1005,47314,96220,1577,13,572,32,32,0,0,65782,active,0,59,0,0,connected,home,attached,81,NONE
1788894877,1488,1531.8,0,557,1011,47314,96796,1583,13,572,32,32,0,0,71050,active,0,65,0,0,connected,home,attached,81,NONE
1788894882,1493,1537.1,0,557,1015,47314,97180,1587,13,572,32,32,0,0,76325,active,0,69,0,0,connected,home,attached,81,NONE
1788894888,1499,1542.3,0,557,1020,47314,97660,1592,13,572,32,32,0,0,81588,active,0,74,0,0,connected,home,attached,81,NONE
1788894893,1504,1547.5,0,557,1027,47314,98344,1599,13,572,32,32,0,0,86803,active,0,80,0,0,connected,home,attached,81,NONE
1788894898,1509,1552.8,0,557,1034,47314,99000,1606,13,572,32,32,0,0,92064,active,0,87,0,0,connected,home,attached,81,NONE
1788894903,1514,1558.1,0,557,1039,47314,99472,1611,13,572,32,32,0,0,97341,active,0,92,0,0,connected,home,attached,81,NONE
1788894909,1520,1563.3,0,557,1045,47314,100048,1617,13,572,32,32,0,0,102617,active,0,98,0,0,connected,home,attached,81,NONE
1788894914,1525,1568.6,0,557,1050,47314,100528,1622,13,572,32,32,0,0,107880,active,0,103,0,0,connected,home,attached,81,NONE
1788894919,1530,1573.9,0,557,1081,47314,103432,1649,13,572,32,32,0,0,113158,active,0,128,0,0,connected,home,attached,81,NONE
1788894925,1535,1579.1,0,557,1091,47314,104392,1659,13,572,32,32,0,0,118385,active,0,138,0,0,connected,home,attached,81,NONE
1788894930,1541,1584.3,0,557,1102,47314,105448,1670,13,572,32,32,0,0,123606,active,0,149,0,0,connected,home,attached,81,NONE
1788894935,1546,1589.6,0,557,1113,47314,106504,1681,13,572,32,32,0,0,128899,active,0,160,0,0,connected,home,attached,81,NONE
1788894940,1551,1594.9,0,557,1122,47314,107368,1690,13,572,32,32,0,0,134168,active,0,169,0,0,connected,home,attached,81,NONE
1788894946,1556,1600.2,0,557,1133,47314,108424,1701,13,572,32,32,0,0,139441,active,0,180,0,0,connected,home,attached,81,NONE
1788894951,1562,1605.5,0,557,1144,47314,109480,1712,13,572,32,32,0,0,144714,active,0,191,0,0,connected,home,attached,81,NONE
1788894956,1567,1610.7,0,557,1154,47314,110440,1722,13,572,32,32,0,0,149978,active,0,201,0,0,connected,home,attached,81,NONE
1788894961,1572,1616.0,0,557,1164,47314,111400,1732,13,572,32,32,0,0,155252,active,0,211,0,0,connected,home,attached,81,NONE
1788894967,1577,1621.3,0,557,1174,47314,112360,1742,13,572,32,32,0,0,160519,active,0,221,0,0,connected,home,attached,81,NONE
1788894972,1583,1626.5,0,557,1185,47314,113416,1753,13,572,32,32,0,0,165805,active,0,232,0,0,connected,home,attached,81,NONE
1788894977,1588,1631.8,0,557,1195,47314,114376,1763,13,572,32,32,0,0,171067,active,0,242,0,0,connected,home,attached,81,NONE
1788894982,1593,1637.1,0,557,1205,47314,115336,1773,13,572,32,32,0,0,176336,active,0,252,0,0,connected,home,attached,81,NONE
1788894988,1599,1642.3,0,558,1215,47418,116296,1785,13,573,32,32,0,0,236,active,None,None,None,None,registered,home,attached,81,NONE
1788894993,1604,1647.6,0,558,1215,47418,116296,1785,14,573,32,32,0,0,2489,suspended,0,0,0,0,connected,home,attached,81,NONE
1788894995,1606,1649.8,0,558,1220,47418,116776,1791,15,573,32,32,0,0,7716,active,0,5,0,0,connected,home,attached,81,NONE
1788895000,1611,1655.1,0,558,1225,47418,117256,1796,15,573,32,32,0,0,12995,active,0,10,0,0,connected,home,attached,81,NONE
1788895006,1617,1660.3,0,558,1229,47418,117640,1800,15,573,32,32,0,0,18268,active,0,14,0,0,connected,home,attached,81,NONE
1788895011,1622,1665.6,0,558,1234,47418,118120,1805,15,573,32,32,0,0,23547,active,0,19,0,0,connected,home,attached,81,NONE
1788895016,1627,1670.8,0,558,1240,47418,118696,1811,15,573,32,32,0,0,28776,active,0,25,0,0,connected,home,attached,81,NONE
1788895021,1632,1676.1,0,558,1244,47418,119080,1815,15,573,32,32,0,0,34038,active,0,29,0,0,connected,home,attached,81,NONE
1788895027,1638,1681.3,0,558,1249,47418,119560,1820,15,573,32,32,0,0,39277,active,0,34,0,0,connected,home,attached,81,NONE
1788895032,1643,1686.6,0,558,1255,47418,120136,1826,15,573,32,32,0,0,44539,active,0,40,0,0,connected,home,attached,81,NONE
1788895037,1648,1691.8,0,558,1260,47418,120616,1831,15,573,32,32,0,0,49769,active,0,45,0,0,connected,home,attached,81,NONE
1788895042,1653,1697.1,0,558,1264,47418,121000,1835,15,573,32,32,0,0,54999,active,0,49,0,0,connected,home,attached,81,NONE
1788895048,1659,1702.3,0,558,1270,47418,121576,1841,15,573,32,32,0,0,60228,active,0,55,0,0,connected,home,attached,81,NONE
1788895053,1664,1707.6,0,558,1275,47418,122056,1846,15,573,32,32,0,0,65501,active,0,60,0,0,connected,home,attached,81,NONE
1788895058,1669,1712.8,0,558,1280,47418,122536,1851,15,573,32,32,0,0,70767,active,0,65,0,0,connected,home,attached,81,NONE
1788895063,1674,1718.1,0,558,1284,47418,122920,1855,15,573,32,32,0,0,76001,active,0,69,0,0,connected,home,attached,81,NONE
1788895069,1680,1723.3,0,558,1290,47418,123496,1861,15,573,32,32,0,0,81245,active,0,75,0,0,connected,home,attached,81,NONE
1788895074,1685,1728.5,0,558,1295,47418,123976,1866,15,573,32,32,0,0,86475,active,0,80,0,0,connected,home,attached,81,NONE
1788895079,1690,1733.8,0,558,1299,47418,124360,1870,15,573,32,32,0,0,91742,active,0,84,0,0,connected,home,attached,81,NONE
1788895084,1695,1739.0,0,558,1305,47418,124936,1876,15,573,32,32,0,0,96983,active,0,90,0,0,connected,home,attached,81,NONE
1788895090,1701,1744.3,0,558,1310,47418,125416,1881,15,573,32,32,0,0,102261,active,0,95,0,0,connected,home,attached,81,NONE
1788895095,1706,1749.6,0,558,1315,47418,125896,1886,15,573,32,32,0,0,107532,active,0,100,0,0,connected,home,attached,81,NONE
1788895100,1711,1754.8,0,558,1320,47418,126376,1891,15,573,32,32,0,0,112771,active,0,105,0,0,connected,home,attached,81,NONE
1788895105,1716,1760.1,0,558,1325,47418,126856,1896,15,573,32,32,0,0,118006,active,0,110,0,0,connected,home,attached,81,NONE
1788895111,1722,1765.4,0,558,1330,47418,127336,1901,15,573,32,32,0,0,123287,active,0,115,0,0,connected,home,attached,81,NONE
1788895116,1727,1770.6,0,558,1335,47418,127816,1906,15,573,32,32,0,0,128502,active,0,120,0,0,connected,home,attached,81,NONE
1788895121,1732,1775.8,0,558,1340,47418,128296,1911,15,573,32,32,0,0,133741,active,0,125,0,0,connected,home,attached,81,NONE
1788895126,1737,1781.1,0,558,1345,47418,128776,1916,15,573,32,32,0,0,139069,active,0,130,0,0,connected,home,attached,81,NONE
1788895132,1743,1786.4,0,558,1350,47418,129256,1921,15,573,32,32,0,0,144357,active,0,135,0,0,connected,home,attached,81,NONE
1788895137,1748,1791.7,0,558,1355,47418,129736,1926,15,573,32,32,0,0,149623,active,0,140,0,0,connected,home,attached,81,NONE
1788895142,1753,1797.0,0,558,1360,47418,130216,1931,15,573,32,32,0,0,154897,active,0,145,0,0,connected,home,attached,81,NONE
1788895148,1758,1802.2,0,558,1365,47418,130696,1936,15,573,32,32,0,0,160184,active,0,150,0,0,connected,home,attached,81,NONE
1788895153,1764,1807.5,0,558,1371,47418,131272,1942,15,573,32,32,0,0,165477,active,0,156,0,0,connected,home,attached,81,NONE
1788895158,1769,1812.8,0,558,1375,47418,131656,1946,15,573,32,32,0,0,170763,active,0,160,0,0,connected,home,attached,81,NONE
1788895163,1774,1818.1,0,558,1380,47418,132136,1951,15,573,32,32,0,0,176036,active,0,165,0,0,connected,home,attached,81,NONE
1788895169,1780,1823.4,0,558,1386,47418,132712,1957,15,573,32,32,0,0,181287,active,None,None,None,None,registered,home,attached,81,NONE
1788895174,1785,1828.6,0,559,1386,47522,132712,1959,16,574,32,32,0,0,2266,suspended,0,0,0,0,connected,home,attached,81,NONE
1788895176,1787,1831.0,0,559,1394,47522,133468,1968,17,574,32,32,0,0,7592,active,0,7,0,0,connected,home,attached,81,NONE
1788895182,1792,1836.2,0,559,1398,47522,133852,1972,17,574,32,32,0,0,12834,active,0,11,0,0,connected,home,attached,81,NONE
1788895187,1798,1841.5,0,559,1404,47522,134428,1978,17,574,32,32,0,0,18102,active,0,17,0,0,connected,home,attached,81,NONE
