timestamp,uptime,pc_timeout_count,pc_irq_count,pm_resume_attempts,pm_suspend_attempts,pc_state,pc_line_level,runtime_status
1790064569,108.40,0,10,4,4,0,0,suspended
1790064579,118.44,0,10,4,4,0,0,suspended
1790064589,128.49,0,12,5,5,0,0,suspended
1790064599,138.53,0,12,5,5,0,0,suspended
1790064610,148.58,0,12,5,5,0,0,suspended
1790064620,158.63,0,13,6,5,1,1,active
1790064630,168.68,0,14,6,6,0,0,suspended
1790064640,178.73,0,14,6,6,0,0,suspended
1790064650,188.78,0,15,7,6,1,1,active
1790064660,198.82,0,18,8,8,0,0,suspended
1790064670,208.87,0,18,8,8,0,0,suspended
1790064680,218.93,0,18,8,8,0,0,suspended
1790064690,228.97,0,22,10,10,0,0,suspended
1790064700,239.03,0,22,10,10,0,0,suspended
1790064710,249.07,0,22,10,10,0,0,suspended
1790064720,259.12,0,25,12,11,1,1,active
1790064730,269.17,0,26,12,12,0,0,suspended
1790064740,279.22,0,26,12,12,0,0,suspended
1790064750,289.27,0,27,13,13,1,1,suspended
1790064760,299.31,0,30,14,14,0,0,suspended
1790064770,309.36,0,30,14,14,0,0,suspended
1790064780,319.41,0,30,14,14,0,0,suspended
1790064790,329.46,0,34,16,16,0,0,suspended
1790064800,339.50,0,34,16,16,0,0,suspended
1790064810,349.55,0,34,16,16,0,0,suspended
1790064821,359.60,0,38,18,18,0,0,suspended
1790064831,369.64,0,38,18,18,0,0,suspended
1790064841,379.69,0,38,18,18,0,0,suspended
1790064851,389.73,0,40,19,19,0,0,suspended
1790064861,399.78,0,42,20,20,0,0,suspended
1790064871,409.82,0,42,20,20,0,0,suspended
1790064881,419.87,0,43,21,20,1,1,active
1790064891,429.91,0,44,21,21,0,0,suspended
1790064901,439.96,0,44,21,21,0,0,suspended
1790064911,450.01,0,44,21,21,0,0,suspended
1790064921,460.06,0,48,23,23,0,0,suspended
1790064931,470.11,0,48,23,23,0,0,suspended
1790064941,480.16,0,48,23,23,0,0,suspended
1790064951,490.21,0,50,24,24,0,0,suspended
1790064961,500.26,0,50,24,24,0,0,suspended
1790064971,510.31,0,50,24,24,0,0,suspended
1790064981,520.36,0,51,25,25,1,1,suspended
1790064991,530.41,1,54,27,27,0,0,suspended
1790065001,540.45,1,54,27,27,0,0,suspended
1790065011,550.50,1,54,27,27,0,0,suspended
1790065021,560.54,1,58,29,29,0,0,suspended
1790065032,570.59,1,58,29,29,0,0,suspended
1790065042,580.64,1,58,29,29,0,0,suspended
1790065052,590.69,1,60,30,30,0,0,suspended
1790065062,600.74,1,60,30,30,0,0,suspended
1790065072,610.79,1,62,31,31,0,0,suspended
1790065082,620.83,1,62,31,31,0,0,suspended
1790065092,630.88,1,62,31,31,0,0,suspended
1790065102,640.93,1,64,32,32,0,0,suspended
1790065112,650.98,1,64,32,32,0,0,suspended
1790065122,661.03,1,64,32,32,0,0,suspended
1790065132,671.09,1,65,33,33,1,1,suspended
1790065142,681.13,1,66,33,33,0,0,suspended
1790065152,691.18,1,66,33,33,0,0,suspended
1790065162,701.23,1,66,33,33,0,0,suspended
1790065172,711.28,1,66,33,33,0,0,suspended
1790065182,721.33,1,66,33,33,0,0,suspended
1790065192,731.38,1,66,33,33,0,0,suspended
1790065202,741.43,1,66,33,33,0,0,suspended
1790065212,751.48,1,66,33,33,0,0,suspended
1790065222,761.53,1,66,33,33,0,0,suspended
1790065232,771.57,1,67,34,33,1,1,active
1790065243,781.62,1,68,34,34,0,0,suspended
1790065253,791.67,1,68,34,34,0,0,suspended
1790065263,801.72,1,70,35,35,0,0,suspended
1790065273,811.76,1,70,35,35,0,0,suspended
1790065283,821.82,1,70,35,35,0,0,suspended
1790065293,831.87,1,70,35,35,0,0,suspended
1790065303,841.91,1,70,35,35,0,0,suspended
1790065313,851.96,1,70,35,35,0,0,suspended
1790065323,862.01,1,70,35,35,0,0,suspended
1790065333,872.06,1,70,35,35,0,0,suspended
1790065343,882.11,1,70,35,35,0,0,suspended
1790065353,892.16,1,70,35,35,0,0,suspended
1790065363,902.21,1,70,35,35,0,0,suspended
1790065373,912.25,1,72,36,36,0,0,suspended
1790065383,922.30,1,72,36,36,0,0,suspended
1790065393,932.35,1,75,38,38,1,1,suspended
1790065403,942.40,1,76,38,38,0,0,suspended
1790065413,952.44,1,76,38,38,0,0,suspended
1790065423,962.50,1,76,38,38,0,0,suspended
1790065433,972.55,1,76,38,38,0,0,suspended
1790065444,982.60,1,76,38,38,0,0,suspended
1790065454,992.65,1,76,38,38,0,0,suspended
1790065464,1002.70,1,76,38,38,0,0,suspended
1790065474,1012.75,1,76,38,38,0,0,suspended
1790065484,1022.80,1,76,38,38,0,0,suspended
1790065494,1032.85,1,77,39,38,1,1,active
1790065504,1042.89,1,78,39,39,0,0,suspended
1790065514,1052.94,1,78,39,39,0,0,suspended
1790065524,1062.99,1,80,40,40,0,0,suspended
1790065534,1073.04,1,82,41,41,0,0,suspended
1790065544,1083.09,1,82,41,41,0,0,suspended
1790065554,1093.14,1,82,41,41,0,0,suspended
1790065564,1103.19,1,82,41,41,0,0,suspended
1790065574,1113.24,1,82,41,41,0,0,suspended
1790065584,1123.29,1,82,41,41,0,0,suspended
1790065594,1133.34,1,84,42,42,0,0,suspended
1790065604,1143.39,1,84,42,42,0,0,suspended
1790065614,1153.43,1,84,42,42,0,0,suspended
1790065624,1163.49,1,84,42,42,0,0,suspended
1790065634,1173.54,1,86,43,43,0,0,suspended
1790065645,1183.59,1,86,43,43,0,0,suspended
1790065655,1193.63,1,87,44,44,1,1,suspended
1790065665,1203.68,1,90,45,45,0,0,suspended
1790065675,1213.73,1,92,46,46,0,0,suspended
1790065685,1223.78,1,92,46,46,0,0,suspended
1790065695,1233.83,1,92,46,46,0,0,suspended
1790065705,1243.88,1,92,46,46,0,0,suspended
1790065715,1253.94,1,92,46,46,0,0,suspended
1790065725,1263.99,1,92,46,46,0,0,suspended
1790065735,1274.04,1,92,46,46,0,0,suspended
1790065745,1284.09,1,92,46,46,0,0,suspended
1790065755,1294.14,1,92,46,46,0,0,suspended
1790065765,1304.18,1,94,47,47,0,0,suspended
1790065775,1314.24,1,94,47,47,0,0,suspended
1790065785,1324.29,1,95,48,47,1,1,active
1790065795,1334.34,1,98,49,49,0,0,suspended
1790065805,1344.39,1,100,50,50,0,0,suspended
1790065815,1354.44,1,100,50,50,0,0,suspended
1790065825,1364.49,1,100,50,50,0,0,suspended
1790065835,1374.54,1,100,50,50,0,0,suspended
1790065846,1384.59,1,100,50,50,0,0,suspended
1790065856,1394.64,1,100,50,50,0,0,suspended
1790065866,1404.69,1,100,50,50,0,0,suspended
1790065876,1414.74,1,100,50,50,0,0,suspended
1790065886,1424.79,1,100,50,50,0,0,suspended
1790065896,1434.84,1,102,51,51,0,0,suspended
1790065906,1444.89,1,102,51,51,0,0,suspended
1790065916,1454.94,1,103,52,52,1,1,suspended
1790065926,1464.98,1,105,53,52,1,1,active
1790065936,1475.03,1,106,53,53,0,0,suspended
1790065946,1485.08,1,107,54,53,1,1,active
1790065956,1495.13,1,108,54,54,0,0,suspended
1790065966,1505.18,1,108,54,54,0,0,suspended
1790065976,1515.23,1,108,54,54,0,0,suspended
1790065986,1525.28,1,108,54,54,0,0,suspended
1790065996,1535.32,1,108,54,54,0,0,suspended
1790066006,1545.37,1,108,54,54,0,0,suspended
1790066016,1555.42,1,108,54,54,0,0,suspended
1790066026,1565.47,1,108,54,54,0,0,suspended
1790066036,1575.52,1,108,54,54,0,0,suspended
1790066046,1585.56,1,108,54,54,0,0,suspended
1790066057,1595.61,1,109,55,54,1,1,active
1790066067,1605.66,1,112,56,56,0,0,suspended
1790066077,1615.71,1,112,56,56,0,0,suspended
1790066087,1625.76,1,112,56,56,0,0,suspended
1790066097,1635.81,1,112,56,56,0,0,suspended
1790066107,1645.85,1,112,56,56,0,0,suspended
1790066117,1655.90,1,112,56,56,0,0,suspended
1790066127,1665.95,1,112,56,56,0,0,suspended
1790066137,1676.00,1,112,56,56,0,0,suspended
1790066147,1686.05,1,112,56,56,0,0,suspended
1790066157,1696.10,1,112,56,56,0,0,suspended
1790066167,1706.15,1,112,56,56,0,0,suspended
1790066177,1716.19,1,112,56,56,0,0,suspended
1790066187,1726.24,1,112,56,56,0,0,suspended
1790066197,1736.29,1,112,56,56,0,0,suspended
1790066207,1746.34,1,114,57,57,0,0,suspended
1790066217,1756.38,1,116,58,58,0,0,suspended
1790066227,1766.43,1,116,58,58,0,0,suspended
1790066237,1776.49,1,116,58,58,0,0,suspended
1790066247,1786.53,1,116,58,58,0,0,suspended
1790066258,1796.59,1,116,58,58,0,0,suspended
1790066268,1806.63,1,116,58,58,0,0,suspended
1790066278,1816.68,1,116,58,58,0,0,suspended
1790066288,1826.73,1,116,58,58,0,0,suspended
1790066298,1836.78,1,116,58,58,0,0,suspended
1790066308,1846.83,1,116,58,58,0,0,suspended
1790066318,1856.88,1,116,58,58,0,0,suspended
1790066328,1866.93,1,117,59,59,1,1,suspended
1790066338,1876.98,1,118,59,59,0,0,suspended
1790066348,1887.03,1,118,59,59,0,0,suspended
1790066358,1897.08,1,118,59,59,0,0,suspended
1790066368,1907.13,1,118,59,59,0,0,suspended
1790066378,1917.18,1,118,59,59,0,0,suspended
1790066388,1927.22,1,118,59,59,0,0,suspended
1790066398,1937.27,1,118,59,59,0,0,suspended
1790066408,1947.32,1,118,59,59,0,0,suspended
1790066418,1957.37,1,118,59,59,0,0,suspended
1790066428,1967.41,1,118,59,59,0,0,suspended
1790066438,1977.46,1,118,59,59,0,0,suspended
1790066448,1987.51,1,118,59,59,0,0,suspended
1790066458,1997.56,1,118,59,59,0,0,suspended
1790066469,2007.61,1,121,61,60,1,1,active
1790066479,2017.66,1,122,61,61,0,0,suspended
1790066489,2027.70,1,122,61,61,0,0,suspended
1790066499,2037.75,1,122,61,61,0,0,suspended
1790066509,2047.80,1,122,61,61,0,0,suspended
1790066519,2057.85,1,122,61,61,0,0,suspended
1790066529,2067.90,1,122,61,61,0,0,suspended
1790066539,2077.95,1,122,61,61,0,0,suspended
1790066549,2087.99,1,122,61,61,0,0,suspended
1790066559,2098.04,1,122,61,61,0,0,suspended
1790066569,2108.09,1,122,61,61,0,0,suspended
1790066579,2118.14,1,122,61,61,0,0,suspended
1790066589,2128.19,1,122,61,61,0,0,suspended
1790066599,2138.24,1,125,63,63,1,1,suspended
1790066609,2148.28,1,126,63,63,0,0,suspended
1790066619,2158.33,1,126,63,63,0,0,suspended
1790066629,2168.38,1,126,63,63,0,0,suspended
1790066639,2178.43,1,126,63,63,0,0,suspended
1790066649,2188.48,1,126,63,63,0,0,suspended
1790066659,2198.53,1,126,63,63,0,0,suspended
1790066669,2208.57,1,126,63,63,0,0,suspended
1790066680,2218.63,1,126,63,63,0,0,suspended
1790066690,2228.68,1,126,63,63,0,0,suspended
1790066700,2238.73,1,126,63,63,0,0,suspended
1790066710,2248.78,1,126,63,63,0,0,suspended
1790066720,2258.83,1,126,63,63,0,0,suspended
1790066730,2268.87,1,128,64,64,0,0,suspended
1790066740,2278.92,1,129,65,64,1,1,active
1790066750,2288.97,1,130,65,65,0,0,suspended
1790066760,2299.01,1,130,65,65,0,0,suspended
1790066770,2309.06,1,130,65,65,0,0,suspended
1790066780,2319.11,1,130,65,65,0,0,suspended
1790066790,2329.16,1,130,65,65,0,0,suspended
1790066800,2339.20,1,132,66,66,0,0,suspended
1790066810,2349.25,1,132,66,66,0,0,suspended
1790066820,2359.30,1,133,67,66,1,1,active
1790066830,2369.34,1,134,67,67,0,0,suspended
1790066840,2379.39,1,134,67,67,0,0,suspended
1790066850,2389.44,1,134,67,67,0,0,suspended
1790066860,2399.49,1,136,68,68,0,0,suspended
1790066870,2409.54,1,138,69,69,0,0,suspended
1790066881,2419.58,1,138,69,69,0,0,suspended
1790066891,2429.64,1,138,69,69,0,0,suspended
1790066901,2439.69,1,138,69,69,0,0,suspended
1790066911,2449.74,1,138,69,69,0,0,suspended
1790066921,2459.79,1,138,69,69,0,0,suspended
1790066931,2469.84,1,138,69,69,0,0,suspended
1790066941,2479.88,1,138,69,69,0,0,suspended
1790066951,2489.93,1,138,69,69,0,0,suspended
1790066961,2499.98,1,138,69,69,0,0,suspended
1790066971,2510.03,1,138,69,69,0,0,suspended
1790066981,2520.08,1,138,69,69,0,0,suspended
1790066991,2530.13,1,139,70,69,1,1,active
1790067001,2540.19,1,140,70,70,0,0,suspended
1790067011,2550.24,1,141,71,71,1,1,suspended
1790067021,2560.28,1,142,71,71,0,0,suspended
1790067031,2570.33,1,142,71,71,0,0,suspended
1790067041,2580.38,1,142,71,71,0,0,suspended
1790067051,2590.42,1,142,71,71,0,0,suspended
1790067061,2600.47,1,142,71,71,0,0,suspended
1790067071,2610.52,1,142,71,71,0,0,suspended
1790067081,2620.58,1,142,71,71,0,0,suspended
1790067092,2630.63,1,142,71,71,0,0,suspended
1790067102,2640.67,1,142,71,71,0,0,suspended
1790067112,2650.73,1,142,71,71,0,0,suspended
1790067122,2660.77,1,143,72,71,1,1,active
1790067132,2670.82,1,144,72,72,0,0,suspended
1790067142,2680.87,1,145,73,72,1,1,active
1790067152,2690.92,1,146,73,73,0,0,suspended
1790067162,2700.97,1,146,73,73,0,0,suspended
1790067172,2711.02,1,146,73,73,0,0,suspended
1790067182,2721.07,1,146,73,73,0,0,suspended
1790067192,2731.12,1,146,73,73,0,0,suspended
1790067202,2741.17,1,146,73,73,0,0,suspended
1790067212,2751.22,1,146,73,73,0,0,suspended
1790067222,2761.27,1,146,73,73,0,0,suspended
1790067232,2771.32,1,146,73,73,0,0,suspended
1790067242,2781.37,1,146,73,73,0,0,suspended
1790067252,2791.42,1,146,73,73,0,0,suspended
1790067262,2801.47,1,148,74,74,0,0,suspended
1790067272,2811.52,1,148,74,74,0,0,suspended
1790067282,2821.58,1,150,75,75,0,0,suspended
1790067293,2831.62,1,150,75,75,0,0,suspended
1790067303,2841.67,1,150,75,75,0,0,suspended
1790067313,2851.72,1,150,75,75,0,0,suspended
1790067323,2861.77,1,150,75,75,0,0,suspended
1790067333,2871.82,1,150,75,75,0,0,suspended
1790067343,2881.86,1,150,75,75,0,0,suspended
1790067353,2891.91,1,150,75,75,0,0,suspended
1790067363,2901.96,1,150,75,75,0,0,suspended
1790067373,2912.01,1,150,75,75,0,0,suspended
1790067383,2922.05,1,150,75,75,0,0,suspended
1790067393,2932.10,1,151,76,75,1,1,active
1790067403,2942.15,1,154,77,77,0,0,suspended
1790067413,2952.20,1,154,77,77,0,0,suspended
1790067423,2962.25,1,154,77,77,0,0,suspended
1790067433,2972.30,1,154,77,77,0,0,suspended
1790067443,2982.35,1,154,77,77,0,0,suspended
1790067453,2992.40,1,154,77,77,0,0,suspended
1790067463,3002.45,1,154,77,77,0,0,suspended
1790067473,3012.50,1,154,77,77,0,0,suspended
1790067483,3022.55,1,154,77,77,0,0,suspended
1790067494,3032.60,1,154,77,77,0,0,suspended
1790067504,3042.65,1,154,77,77,0,0,suspended
1790067514,3052.70,1,154,77,77,0,0,suspended
1790067524,3062.75,1,154,77,77,0,0,suspended
1790067534,3072.80,1,154,77,77,0,0,suspended
1790067544,3082.84,1,154,77,77,0,0,suspended
1790067554,3092.89,1,154,77,77,0,0,suspended
1790067564,3102.95,1,156,78,78,0,0,suspended
1790067574,3113.00,1,158,79,79,0,0,suspended
1790067584,3123.05,1,158,79,79,0,0,suspended
1790067594,3133.09,1,158,79,79,0,0,suspended
1790067604,3143.14,1,158,79,79,0,0,suspended
1790067614,3153.20,1,158,79,79,0,0,suspended
1790067624,3163.24,1,158,79,79,0,0,suspended
1790067634,3173.29,1,158,79,79,0,0,suspended
1790067644,3183.34,1,158,79,79,0,0,suspended
1790067654,3193.39,1,158,79,79,0,0,suspended
1790067664,3203.44,1,158,79,79,0,0,suspended
1790067674,3213.49,1,158,79,79,0,0,suspended
1790067684,3223.54,1,158,79,79,0,0,suspended
1790067695,3233.59,1,158,79,79,0,0,suspended
1790067705,3243.64,1,160,80,80,0,0,suspended
1790067715,3253.69,1,163,82,81,1,1,active
1790067725,3263.74,1,164,82,82,0,0,suspended
1790067735,3273.79,1,164,82,82,0,0,suspended
1790067745,3283.84,1,164,82,82,0,0,suspended
1790067755,3293.89,1,164,82,82,0,0,suspended
1790067765,3303.93,1,164,82,82,0,0,suspended
1790067775,3313.98,1,166,83,83,0,0,suspended
1790067785,3324.03,1,166,83,83,0,0,suspended
1790067795,3334.08,1,166,83,83,0,0,suspended
1790067805,3344.13,1,166,83,83,0,0,suspended
1790067815,3354.18,1,168,84,84,0,0,suspended
1790067825,3364.23,1,168,84,84,0,0,suspended
1790067835,3374.28,1,168,84,84,0,0,suspended
1790067845,3384.33,1,168,84,84,0,0,suspended
1790067855,3394.38,1,168,84,84,0,0,suspended
1790067865,3404.43,1,168,84,84,0,0,suspended
1790067875,3414.48,1,168,84,84,0,0,suspended
1790067885,3424.53,1,168,84,84,0,0,suspended
1790067895,3434.58,1,168,84,84,0,0,suspended
1790067906,3444.63,1,168,84,84,0,0,suspended
1790067916,3454.68,1,168,84,84,0,0,suspended
1790067926,3464.73,1,170,85,85,0,0,suspended
1790067936,3474.78,1,170,85,85,0,0,suspended
1790067946,3484.83,1,172,86,86,0,0,suspended
1790067956,3494.88,1,172,86,86,0,0,suspended
1790067966,3504.93,1,172,86,86,0,0,suspended
1790067976,3514.98,1,172,86,86,0,0,suspended
1790067986,3525.03,1,172,86,86,0,0,suspended
1790067996,3535.08,1,172,86,86,0,0,suspended
1790068006,3545.13,1,172,86,86,0,0,suspended
1790068016,3555.18,1,172,86,86,0,0,suspended
1790068026,3565.23,1,172,86,86,0,0,suspended
1790068036,3575.28,1,174,87,87,0,0,suspended
1790068046,3585.32,1,176,88,88,0,0,suspended
1790068056,3595.37,1,176,88,88,0,0,suspended
1790068066,3605.42,1,176,88,88,0,0,suspended
1790068076,3615.46,1,176,88,88,0,0,suspended
1790068086,3625.51,1,176,88,88,0,0,suspended
1790068096,3635.56,1,176,88,88,0,0,suspended
1790068107,3645.61,1,176,88,88,0,0,suspended
1790068117,3655.67,1,176,88,88,0,0,suspended
1790068127,3665.72,1,176,88,88,0,0,suspended
1790068137,3675.77,1,176,88,88,0,0,suspended
1790068147,3685.82,1,176,88,88,0,0,suspended
1790068157,3695.87,1,176,88,88,0,0,suspended
1790068167,3705.91,1,176,88,88,0,0,suspended
1790068177,3715.96,1,176,88,88,0,0,suspended
1790068187,3726.01,1,176,88,88,0,0,suspended
1790068197,3736.06,1,176,88,88,0,0,suspended
1790068207,3746.11,1,176,88,88,0,0,suspended
1790068217,3756.16,1,176,88,88,0,0,suspended
1790068227,3766.22,1,176,88,88,0,0,suspended
1790068237,3776.27,1,176,88,88,0,0,suspended
1790068247,3786.32,1,176,88,88,0,0,suspended
1790068257,3796.37,1,176,88,88,0,0,suspended
1790068267,3806.42,1,176,88,88,0,0,suspended
1790068277,3816.47,1,176,88,88,0,0,suspended
1790068287,3826.52,1,176,88,88,0,0,suspended
1790068297,3836.56,1,176,88,88,0,0,suspended
1790068308,3846.61,1,176,88,88,0,0,suspended
1790068318,3856.66,1,178,89,89,0,0,suspended
1790068328,3866.71,1,178,89,89,0,0,suspended
1790068338,3876.75,1,180,90,90,0,0,suspended
1790068348,3886.80,1,180,90,90,0,0,suspended
1790068358,3896.85,1,180,90,90,0,0,suspended
1790068368,3906.89,1,180,90,90,0,0,suspended
1790068378,3916.94,1,180,90,90,0,0,suspended
1790068388,3926.99,1,180,90,90,0,0,suspended
1790068398,3937.04,1,180,90,90,0,0,suspended
1790068408,3947.09,1,180,90,90,0,0,suspended
1790068418,3957.14,1,180,90,90,0,0,suspended
1790068428,3967.19,1,180,90,90,0,0,suspended
1790068438,3977.25,1,180,90,90,0,0,suspended
1790068448,3987.29,1,182,91,91,0,0,suspended
1790068458,3997.34,1,182,91,91,0,0,suspended
1790068468,4007.39,1,183,92,91,1,1,active
1790068478,4017.44,1,184,92,92,0,0,suspended
1790068488,4027.49,1,184,92,92,0,0,suspended
1790068498,4037.53,1,184,92,92,0,0,suspended
1790068508,4047.58,1,184,92,92,0,0,suspended
1790068519,4057.63,1,184,92,92,0,0,suspended
1790068529,4067.67,1,184,92,92,0,0,suspended
1790068539,4077.72,1,184,92,92,0,0,suspended
1790068549,4087.77,1,184,92,92,0,0,suspended
1790068559,4097.82,1,184,92,92,0,0,suspended
1790068569,4107.87,1,184,92,92,0,0,suspended
1790068579,4117.92,1,184,92,92,0,0,suspended
1790068589,4127.97,1,184,92,92,0,0,suspended
1790068599,4138.02,1,184,92,92,0,0,suspended
1790068609,4148.07,1,186,93,93,0,0,suspended
1790068619,4158.12,1,186,93,93,0,0,suspended
1790068629,4168.17,1,189,95,94,1,1,active
1790068639,4178.22,1,190,95,95,0,0,suspended
1790068649,4188.27,1,190,95,95,0,0,suspended
1790068659,4198.32,1,190,95,95,0,0,suspended
1790068669,4208.37,1,190,95,95,0,0,suspended
1790068679,4218.42,1,192,96,96,0,0,suspended
1790068689,4228.47,1,192,96,96,0,0,suspended
1790068699,4238.52,1,192,96,96,0,0,suspended
1790068709,4248.57,1,192,96,96,0,0,suspended
1790068720,4258.62,1,192,96,96,0,0,suspended
1790068730,4268.67,1,192,96,96,0,0,suspended
1790068740,4278.72,1,192,96,96,0,0,suspended
1790068750,4288.77,1,192,96,96,0,0,suspended
1790068760,4298.82,1,192,96,96,0,0,suspended
1790068770,4308.87,1,192,96,96,0,0,suspended
1790068780,4318.92,1,192,96,96,0,0,suspended
1790068790,4328.96,1,192,96,96,0,0,suspended
1790068800,4339.01,1,192,96,96,0,0,suspended
1790068810,4349.05,1,192,96,96,0,0,suspended
1790068820,4359.10,1,192,96,96,0,0,suspended
1790068830,4369.15,1,192,96,96,0,0,suspended
1790068840,4379.20,1,194,97,97,0,0,suspended
1790068850,4389.25,1,194,97,97,0,0,suspended
1790068860,4399.30,1,196,98,98,0,0,suspended
1790068870,4409.35,1,196,98,98,0,0,suspended
1790068880,4419.40,1,196,98,98,0,0,suspended
1790068890,4429.45,1,196,98,98,0,0,suspended
1790068900,4439.50,1,196,98,98,0,0,suspended
1790068910,4449.55,1,196,98,98,0,0,suspended
1790068921,4459.60,1,196,98,98,0,0,suspended
1790068931,4469.65,1,196,98,98,0,0,suspended
1790068941,4479.70,1,196,98,98,0,0,suspended
1790068951,4489.75,1,196,98,98,0,0,suspended
1790068961,4499.79,1,198,99,99,0,0,suspended
1790068971,4509.84,1,198,99,99,0,0,suspended
1790068981,4519.89,1,198,99,99,0,0,suspended
1790068991,4529.94,1,200,100,100,0,0,suspended
1790069001,4540.00,1,200,100,100,0,0,suspended
1790069011,4550.04,1,200,100,100,0,0,suspended
1790069021,4560.09,1,200,100,100,0,0,suspended
1790069031,4570.14,1,200,100,100,0,0,suspended
1790069041,4580.18,1,200,100,100,0,0,suspended
1790069051,4590.23,1,200,100,100,0,0,suspended
1790069061,4600.28,1,200,100,100,0,0,suspended
1790069071,4610.33,1,200,100,100,0,0,suspended
1790069081,4620.37,1,200,100,100,0,0,suspended
1790069091,4630.43,1,200,100,100,0,0,suspended
1790069101,4640.48,1,200,100,100,0,0,suspended
1790069111,4650.52,1,200,100,100,0,0,suspended
1790069121,4660.57,1,202,101,101,0,0,suspended
1790069132,4670.62,1,202,101,101,0,0,suspended
1790069142,4680.67,1,202,101,101,0,0,suspended
1790069152,4690.72,1,202,101,101,0,0,suspended
1790069162,4700.77,1,202,101,101,0,0,suspended
1790069172,4710.82,1,202,101,101,0,0,suspended
1790069182,4720.87,1,202,101,101,0,0,suspended
1790069192,4730.93,1,202,101,101,0,0,suspended
1790069202,4740.98,1,202,101,101,0,0,suspended
1790069212,4751.02,1,202,101,101,0,0,suspended
1790069222,4761.07,1,202,101,101,0,0,suspended
1790069232,4771.12,1,202,101,101,0,0,suspended
1790069242,4781.17,1,202,101,101,0,0,suspended
1790069252,4791.21,1,202,101,101,0,0,suspended
1790069262,4801.26,1,202,101,101,0,0,suspended
1790069272,4811.31,1,202,101,101,0,0,suspended
1790069282,4821.36,1,202,101,101,0,0,suspended
1790069292,4831.41,1,202,101,101,0,0,suspended
1790069302,4841.46,1,202,101,101,0,0,suspended
1790069312,4851.51,1,202,101,101,0,0,suspended
1790069322,4861.56,1,202,101,101,0,0,suspended
1790069333,4871.61,1,202,101,101,0,0,suspended
1790069343,4881.65,1,202,101,101,0,0,suspended
1790069353,4891.70,1,202,101,101,0,0,suspended
1790069363,4901.76,1,204,102,102,0,0,suspended
1790069373,4911.81,1,205,103,103,1,1,suspended
1790069383,4921.86,1,206,103,103,0,0,suspended
1790069393,4931.91,1,206,103,103,0,0,suspended
1790069403,4941.96,1,206,103,103,0,0,suspended
1790069413,4952.01,1,206,103,103,0,0,suspended
1790069423,4962.06,1,206,103,103,0,0,suspended
1790069433,4972.12,1,206,103,103,0,0,suspended
1790069443,4982.16,1,206,103,103,0,0,suspended
1790069453,4992.21,1,206,103,103,0,0,suspended
1790069463,5002.25,1,206,103,103,0,0,suspended
1790069473,5012.30,1,206,103,103,0,0,suspended
1790069483,5022.34,1,208,104,104,0,0,suspended
1790069493,5032.39,1,208,104,104,0,0,suspended
1790069503,5042.44,1,208,105,104,0,0,other
1790069513,5052.49,1,210,105,105,0,0,suspended
1790069523,5062.54,1,213,107,106,1,1,active
1790069534,5072.59,1,214,107,107,0,0,suspended
1790069544,5082.64,1,214,107,107,0,0,suspended
1790069554,5092.69,1,216,108,108,0,0,suspended
1790069564,5102.74,1,216,108,108,0,0,suspended
1790069574,5112.79,1,216,108,108,0,0,suspended
1790069584,5122.83,1,216,108,108,0,0,suspended
1790069594,5132.89,1,216,108,108,0,0,suspended
1790069604,5142.93,1,219,110,110,1,1,suspended
1790069614,5152.98,1,220,110,110,0,0,suspended
1790069624,5163.04,1,220,110,110,0,0,suspended
1790069634,5173.09,1,220,110,110,0,0,suspended
1790069644,5183.14,1,220,110,110,0,0,suspended
1790069654,5193.19,1,220,110,110,0,0,suspended
1790069664,5203.24,1,220,110,110,0,0,suspended
1790069674,5213.29,1,220,110,110,0,0,suspended
1790069684,5223.34,1,220,110,110,0,0,suspended
1790069694,5233.39,1,220,110,110,0,0,suspended
1790069704,5243.44,1,220,110,110,0,0,suspended
1790069714,5253.49,1,220,110,110,0,0,suspended
1790069724,5263.54,1,220,110,110,0,0,suspended
1790069735,5273.58,1,220,110,110,0,0,suspended
1790069745,5283.63,1,220,110,110,0,0,suspended
1790069755,5293.68,1,220,110,110,0,0,suspended
1790069765,5303.73,1,220,110,110,0,0,suspended
1790069775,5313.78,1,220,110,110,0,0,suspended
1790069785,5323.83,1,220,110,110,0,0,suspended
1790069795,5333.88,1,220,110,110,0,0,suspended
1790069805,5343.93,1,220,110,110,0,0,suspended
1790069815,5353.99,1,220,110,110,0,0,suspended
1790069825,5364.04,1,220,110,110,0,0,suspended
1790069835,5374.09,1,220,110,110,0,0,suspended
1790069845,5384.14,1,220,110,110,0,0,suspended
1790069855,5394.19,1,220,110,110,0,0,suspended
1790069865,5404.24,1,220,110,110,0,0,suspended
1790069875,5414.30,1,220,110,110,0,0,suspended
1790069885,5424.34,1,220,110,110,0,0,suspended
1790069895,5434.39,1,222,111,111,0,0,suspended
1790069905,5444.44,1,222,111,111,0,0,suspended
1790069915,5454.49,1,222,111,111,0,0,suspended
1790069925,5464.54,1,222,111,111,0,0,suspended
1790069936,5474.58,1,222,111,111,0,0,suspended
1790069946,5484.63,1,222,111,111,0,0,suspended
1790069956,5494.68,1,222,111,111,0,0,suspended
1790069966,5504.73,1,222,111,111,0,0,suspended
1790069976,5514.78,1,222,111,111,0,0,suspended
1790069986,5524.83,1,222,111,111,0,0,suspended
1790069996,5534.88,1,222,111,111,0,0,suspended
1790070006,5544.92,1,223,112,111,1,1,active
1790070016,5554.98,1,224,112,112,0,0,suspended
1790070026,5565.02,1,224,112,112,0,0,suspended
1790070036,5575.07,1,224,112,112,0,0,suspended
1790070046,5585.12,1,224,112,112,0,0,suspended
1790070056,5595.17,1,224,112,112,0,0,suspended
1790070066,5605.22,1,224,112,112,0,0,suspended
1790070076,5615.27,1,224,112,112,0,0,suspended
1790070086,5625.32,1,226,113,113,0,0,suspended
1790070096,5635.37,1,226,113,113,0,0,suspended
1790070106,5645.42,1,226,113,113,0,0,suspended
1790070116,5655.47,1,226,113,113,0,0,suspended
1790070126,5665.53,1,226,113,113,0,0,suspended
1790070136,5675.58,1,226,113,113,0,0,suspended
1790070147,5685.63,1,226,113,113,0,0,suspended
1790070157,5695.68,1,226,113,113,0,0,suspended
1790070167,5705.73,1,226,113,113,0,0,suspended
1790070177,5715.78,1,226,113,113,0,0,suspended
1790070187,5725.83,1,226,113,113,0,0,suspended
1790070197,5735.87,1,226,113,113,0,0,suspended
1790070207,5745.92,1,226,113,113,0,0,suspended
1790070217,5755.97,1,226,113,113,0,0,suspended
1790070227,5766.01,1,226,113,113,0,0,suspended
1790070237,5776.06,1,226,113,113,0,0,suspended
1790070247,5786.11,1,226,113,113,0,0,suspended
1790070257,5796.15,1,226,113,113,0,0,suspended
1790070267,5806.20,1,226,113,113,0,0,suspended
1790070277,5816.25,1,226,113,113,0,0,suspended
1790070287,5826.30,1,226,113,113,0,0,suspended
1790070297,5836.35,1,226,113,113,0,0,suspended
1790070307,5846.41,1,226,113,113,0,0,suspended
1790070317,5856.46,1,226,113,113,0,0,suspended
1790070327,5866.51,1,226,113,113,0,0,suspended
1790070337,5876.55,1,226,113,113,0,0,suspended
1790070348,5886.60,1,226,113,113,0,0,suspended
1790070358,5896.65,1,226,113,113,0,0,suspended
1790070368,5906.70,1,226,113,113,0,0,suspended
1790070378,5916.74,1,226,113,113,0,0,suspended
1790070388,5926.79,1,226,113,113,0,0,suspended
1790070398,5936.84,1,226,113,113,0,0,suspended
1790070408,5946.89,1,228,114,114,0,0,suspended
1790070418,5956.94,2,230,116,116,0,0,suspended
1790070428,5966.99,2,231,117,117,1,1,suspended
1790070438,5977.03,2,234,118,118,0,0,suspended
1790070448,5987.09,2,234,118,118,0,0,suspended
1790070458,5997.13,2,234,118,118,0,0,suspended
1790070468,6007.18,2,234,118,118,0,0,suspended
1790070478,6017.23,2,234,118,118,0,0,suspended
1790070488,6027.28,2,234,118,118,0,0,suspended
1790070498,6037.33,2,234,118,118,0,0,suspended
1790070508,6047.37,2,234,118,118,0,0,suspended
1790070518,6057.42,2,234,118,118,0,0,suspended
1790070528,6067.47,2,234,118,118,0,0,suspended
1790070538,6077.52,2,236,119,119,0,0,suspended
1790070548,6087.57,2,236,119,119,0,0,suspended
1790070559,6097.62,2,236,119,119,0,0,suspended
1790070569,6107.67,2,236,119,119,0,0,suspended
1790070579,6117.71,2,236,119,119,0,0,suspended
1790070589,6127.76,2,237,120,119,1,1,active
1790070599,6137.81,2,241,122,122,1,1,suspended
1790070609,6147.87,2,242,122,122,0,0,suspended
1790070619,6157.92,2,242,122,122,0,0,suspended
1790070629,6167.97,2,242,122,122,0,0,suspended
1790070639,6178.01,2,242,122,122,0,0,suspended
1790070649,6188.06,2,242,122,122,0,0,suspended
1790070659,6198.11,2,242,122,122,0,0,suspended
1790070669,6208.16,2,242,122,122,0,0,suspended
1790070679,6218.21,2,242,122,122,0,0,suspended
1790070689,6228.26,2,242,122,122,0,0,suspended
1790070699,6238.30,2,242,122,122,0,0,suspended
1790070709,6248.36,2,242,122,122,0,0,suspended
1790070719,6258.41,2,242,122,122,0,0,suspended
1790070729,6268.46,2,242,122,122,0,0,suspended
1790070739,6278.50,2,242,122,122,0,0,suspended
1790070749,6288.55,2,242,122,122,0,0,suspended
1790070760,6298.60,2,242,122,122,0,0,suspended
1790070770,6308.65,2,242,122,122,0,0,suspended
1790070780,6318.70,2,242,122,122,0,0,suspended
1790070790,6328.74,2,242,122,122,0,0,suspended
1790070800,6338.79,2,242,122,122,0,0,suspended
1790070810,6348.83,2,242,122,122,0,0,suspended
1790070820,6358.89,2,242,122,122,0,0,suspended
1790070830,6368.93,2,242,122,122,0,0,suspended
1790070840,6378.98,2,242,122,122,0,0,suspended
1790070850,6389.03,2,242,122,122,0,0,suspended
1790070860,6399.08,2,242,122,122,0,0,suspended
1790070870,6409.13,2,242,122,122,0,0,suspended
1790070880,6419.17,2,242,122,122,0,0,suspended
1790070890,6429.22,2,242,122,122,0,0,suspended
1790070900,6439.27,2,242,122,122,0,0,suspended
1790070910,6449.32,2,242,122,122,0,0,suspended
1790070920,6459.37,2,242,122,122,0,0,suspended
1790070930,6469.42,2,244,123,123,0,0,suspended
1790070940,6479.47,2,244,123,123,0,0,suspended
1790070950,6489.53,2,244,123,123,0,0,suspended
1790070960,6499.58,2,244,123,123,0,0,suspended
1790070971,6509.63,2,246,124,124,0,0,suspended
1790070981,6519.68,2,246,124,124,0,0,suspended
1790070991,6529.73,2,246,124,124,0,0,suspended
1790071001,6539.78,2,246,124,124,0,0,suspended
1790071011,6549.83,2,246,124,124,0,0,suspended
1790071021,6559.87,2,246,124,124,0,0,suspended
1790071031,6569.93,2,246,124,124,0,0,suspended
1790071041,6579.97,2,246,124,124,0,0,suspended
1790071051,6590.02,2,246,124,124,0,0,suspended
1790071061,6600.08,2,246,124,124,0,0,suspended
1790071071,6610.13,2,248,125,125,0,0,suspended
1790071081,6620.17,2,248,125,125,0,0,suspended
1790071091,6630.22,2,248,125,125,0,0,suspended
1790071101,6640.27,2,248,125,125,0,0,suspended
1790071111,6650.32,2,249,126,125,1,1,active
1790071121,6660.37,2,250,126,126,0,0,suspended
1790071131,6670.42,2,250,126,126,0,0,suspended
1790071141,6680.47,2,250,126,126,0,0,suspended
1790071151,6690.52,2,250,126,126,0,0,suspended
1790071161,6700.57,2,250,126,126,0,0,suspended
1790071172,6710.63,2,250,126,126,0,0,suspended
1790071182,6720.67,2,250,126,126,0,0,suspended
1790071192,6730.72,2,250,126,126,0,0,suspended
1790071202,6740.77,2,250,126,126,0,0,suspended
1790071212,6750.82,2,250,126,126,0,0,suspended
1790071222,6760.87,2,250,126,126,0,0,suspended
1790071232,6770.92,2,250,126,126,0,0,suspended
1790071242,6780.97,2,250,126,126,0,0,suspended
1790071252,6791.02,2,250,126,126,0,0,suspended
1790071262,6801.07,2,250,126,126,0,0,suspended
1790071272,6811.12,2,250,126,126,0,0,suspended
1790071282,6821.17,2,250,126,126,0,0,suspended
1790071292,6831.22,2,250,126,126,0,0,suspended
1790071302,6841.26,2,250,126,126,0,0,suspended
1790071312,6851.31,2,250,126,126,0,0,suspended
1790071322,6861.36,2,252,127,127,0,0,suspended
1790071332,6871.41,2,253,128,128,1,1,suspended
1790071342,6881.46,2,256,130,130,0,0,suspended
1790071352,6891.51,2,256,130,130,0,0,suspended
1790071362,6901.56,2,256,130,130,0,0,suspended
1790071373,6911.61,2,256,130,130,0,0,suspended
1790071383,6921.67,2,256,130,130,0,0,suspended
1790071393,6931.71,2,256,130,130,0,0,suspended
1790071403,6941.76,2,256,130,130,0,0,suspended
1790071413,6951.81,2,256,130,130,0,0,suspended
1790071423,6961.86,2,256,130,130,0,0,suspended
1790071433,6971.91,2,256,130,130,0,0,suspended
1790071443,6981.96,2,256,130,130,0,0,suspended
1790071453,6992.00,2,258,131,131,0,0,suspended
1790071463,7002.04,2,258,131,131,0,0,suspended
1790071473,7012.10,2,260,132,132,0,0,suspended
1790071483,7022.15,2,260,132,132,0,0,suspended
1790071493,7032.19,2,260,132,132,0,0,suspended
1790071503,7042.24,2,262,133,133,0,0,suspended
1790071513,7052.29,2,264,134,134,0,0,suspended
1790071523,7062.33,2,266,135,135,0,0,suspended
1790071533,7072.38,2,266,135,135,0,0,suspended
1790071543,7082.44,2,266,135,135,0,0,suspended
1790071553,7092.48,2,266,135,135,0,0,suspended
1790071563,7102.53,2,266,135,135,0,0,suspended
1790071574,7112.58,2,266,135,135,0,0,suspended
1790071584,7122.63,2,266,135,135,0,0,suspended
1790071594,7132.68,2,266,135,135,0,0,suspended
1790071604,7142.73,2,266,135,135,0,0,suspended
1790071614,7152.77,2,268,136,136,0,0,suspended
1790071624,7162.82,2,268,136,136,0,0,suspended
1790071634,7172.87,2,269,137,136,1,1,active
1790071644,7182.92,2,270,137,137,0,0,suspended
1790071654,7192.96,2,270,137,137,0,0,suspended
1790071664,7203.01,2,270,137,137,0,0,suspended
1790071674,7213.05,2,270,137,137,0,0,suspended
1790071684,7223.10,2,270,137,137,0,0,suspended
1790071694,7233.15,2,270,137,137,0,0,suspended
1790071704,7243.20,2,270,137,137,0,0,suspended
1790071714,7253.24,2,270,137,137,0,0,suspended
1790071724,7263.29,2,270,137,137,0,0,suspended
1790071734,7273.34,2,270,137,137,0,0,suspended
1790071744,7283.39,2,270,137,137,0,0,suspended
1790071754,7293.45,2,270,137,137,0,0,suspended
1790071764,7303.49,2,270,137,137,0,0,suspended
1790071774,7313.55,2,270,137,137,0,0,suspended
1790071785,7323.59,2,270,137,137,0,0,suspended
1790071795,7333.64,2,270,137,137,0,0,suspended
1790071805,7343.70,2,270,137,137,0,0,suspended
1790071815,7353.74,2,270,137,137,0,0,suspended
1790071825,7363.80,2,270,137,137,0,0,suspended
1790071835,7373.85,2,270,137,137,0,0,suspended
1790071845,7383.89,2,270,137,137,0,0,suspended
1790071855,7393.94,2,270,137,137,0,0,suspended
1790071865,7403.99,2,270,137,137,0,0,suspended
1790071875,7414.04,2,270,137,137,0,0,suspended
1790071885,7424.09,2,270,137,137,0,0,suspended
1790071895,7434.14,2,270,137,137,0,0,suspended
1790071905,7444.19,2,270,137,137,0,0,suspended
1790071915,7454.24,2,270,137,137,0,0,suspended
1790071925,7464.29,2,270,137,137,0,0,suspended
1790071935,7474.34,2,270,137,137,0,0,suspended
1790071945,7484.40,2,270,137,137,0,0,suspended
1790071955,7494.45,2,270,137,137,0,0,suspended
1790071965,7504.50,2,270,137,137,0,0,suspended
1790071975,7514.55,2,270,137,137,0,0,suspended
1790071986,7524.60,2,270,137,137,0,0,suspended
1790071996,7534.65,2,272,138,138,0,0,suspended
1790072006,7544.70,2,272,138,138,0,0,suspended
1790072016,7554.75,2,272,138,138,0,0,suspended
1790072026,7564.80,2,272,138,138,0,0,suspended
1790072036,7574.85,2,272,138,138,0,0,suspended
1790072046,7584.90,2,272,138,138,0,0,suspended
1790072056,7594.94,2,273,139,138,1,1,active
1790072066,7604.99,2,274,139,139,0,0,suspended
1790072076,7615.04,2,274,139,139,0,0,suspended
1790072086,7625.09,2,274,139,139,0,0,suspended
1790072096,7635.14,2,274,139,139,0,0,suspended
1790072106,7645.19,2,274,139,139,0,0,suspended
1790072116,7655.24,2,274,139,139,0,0,suspended
1790072126,7665.29,2,274,139,139,0,0,suspended
1790072136,7675.34,2,274,139,139,0,0,suspended
1790072146,7685.39,2,276,140,140,0,0,suspended
1790072156,7695.43,2,276,140,140,0,0,suspended
1790072166,7705.49,2,278,141,141,0,0,suspended
1790072176,7715.53,2,278,141,141,0,0,suspended
1790072186,7725.58,2,278,141,141,0,0,suspended
1790072197,7735.62,2,278,141,141,0,0,suspended
1790072207,7745.67,2,278,141,141,0,0,suspended
1790072217,7755.72,2,278,141,141,0,0,suspended
1790072227,7765.77,2,280,142,142,0,0,suspended
1790072237,7775.82,2,281,143,143,1,1,suspended
1790072247,7785.87,2,282,143,143,0,0,suspended
1790072257,7795.92,2,282,143,143,0,0,suspended
1790072267,7805.96,2,282,143,143,0,0,suspended
1790072277,7816.01,2,282,143,143,0,0,suspended
1790072287,7826.06,2,282,143,143,0,0,suspended
1790072297,7836.11,2,282,143,143,0,0,suspended
1790072307,7846.15,2,282,143,143,0,0,suspended
1790072317,7856.20,2,282,143,143,0,0,suspended
1790072327,7866.25,2,282,143,143,0,0,suspended
1790072337,7876.30,2,282,143,143,0,0,suspended
1790072347,7886.35,2,282,143,143,0,0,suspended
1790072357,7896.39,2,282,143,143,0,0,suspended
1790072367,7906.44,2,282,143,143,0,0,suspended
1790072377,7916.50,2,282,143,143,0,0,suspended
1790072387,7926.55,2,282,143,143,0,0,suspended
1790072398,7936.60,2,282,143,143,0,0,suspended
1790072408,7946.64,2,282,143,143,0,0,suspended
1790072418,7956.69,2,282,143,143,0,0,suspended
1790072428,7966.74,2,282,143,143,0,0,suspended
1790072438,7976.79,2,282,143,143,0,0,suspended
1790072448,7986.84,2,282,143,143,0,0,suspended
1790072458,7996.88,2,282,143,143,0,0,suspended
1790072468,8006.93,2,282,143,143,0,0,suspended
1790072478,8016.98,2,282,143,143,0,0,suspended
1790072488,8027.02,2,282,143,143,0,0,suspended
1790072498,8037.07,2,282,143,143,0,0,suspended
1790072508,8047.12,2,282,143,143,0,0,suspended
1790072518,8057.17,2,282,143,143,0,0,suspended
1790072528,8067.22,2,282,143,143,0,0,suspended
1790072538,8077.27,2,284,144,144,0,0,suspended
1790072548,8087.32,2,284,144,144,0,0,suspended
1790072558,8097.37,2,284,144,144,0,0,suspended
1790072568,8107.42,2,284,144,144,0,0,suspended
1790072578,8117.47,2,284,144,144,0,0,suspended
1790072588,8127.52,2,288,146,146,0,0,suspended
1790072598,8137.56,2,289,147,147,1,1,suspended
1790072609,8147.61,2,290,147,147,0,0,suspended
1790072619,8157.67,2,290,147,147,0,0,suspended
1790072629,8167.72,2,290,147,147,0,0,suspended
1790072639,8177.76,2,290,147,147,0,0,suspended
1790072649,8187.81,2,290,147,147,0,0,suspended
1790072659,8197.86,2,290,147,147,0,0,suspended
1790072669,8207.91,2,292,148,148,0,0,suspended
1790072679,8217.95,2,292,148,148,0,0,suspended
1790072689,8228.00,2,292,148,148,0,0,suspended
1790072699,8238.05,2,292,148,148,0,0,suspended
1790072709,8248.09,2,294,149,149,0,0,suspended
1790072719,8258.14,2,294,149,149,0,0,suspended
1790072729,8268.19,2,294,149,149,0,0,suspended
1790072739,8278.24,2,294,149,149,0,0,suspended
1790072749,8288.29,2,294,149,149,0,0,suspended
1790072759,8298.33,2,294,149,149,0,0,suspended
1790072769,8308.38,2,294,149,149,0,0,suspended
1790072779,8318.43,2,294,149,149,0,0,suspended
1790072789,8328.48,2,294,149,149,0,0,suspended
1790072799,8338.53,2,294,149,149,0,0,suspended
1790072809,8348.58,2,294,149,149,0,0,suspended
1790072820,8358.63,2,294,149,149,0,0,suspended
1790072830,8368.68,2,294,149,149,0,0,suspended
1790072840,8378.73,2,294,149,149,0,0,suspended
1790072850,8388.78,2,294,149,149,0,0,suspended
1790072860,8398.83,2,294,149,149,0,0,suspended
1790072870,8408.88,2,294,149,149,0,0,suspended
1790072880,8418.93,2,294,149,149,0,0,suspended
1790072890,8428.98,2,294,149,149,0,0,suspended
1790072900,8439.03,2,294,149,149,0,0,suspended
1790072910,8449.09,2,294,149,149,0,0,suspended
1790072920,8459.13,2,294,149,149,0,0,suspended
1790072930,8469.18,2,294,149,149,0,0,suspended
1790072940,8479.23,2,294,149,149,0,0,suspended
1790072950,8489.28,2,294,149,149,0,0,suspended
1790072960,8499.33,2,294,149,149,0,0,suspended
1790072970,8509.38,2,294,149,149,0,0,suspended
1790072980,8519.43,2,294,149,149,0,0,suspended
1790072990,8529.48,2,294,149,149,0,0,suspended
1790073000,8539.52,2,294,149,149,0,0,suspended
1790073010,8549.57,2,294,149,149,0,0,suspended
1790073021,8559.62,2,294,149,149,0,0,suspended
1790073031,8569.67,2,294,149,149,0,0,suspended
1790073041,8579.72,2,294,149,149,0,0,suspended
1790073051,8589.77,2,294,149,149,0,0,suspended
1790073061,8599.82,2,296,150,150,0,0,suspended
1790073071,8609.87,2,296,150,150,0,0,suspended
1790073081,8619.93,2,296,150,150,0,0,suspended
1790073091,8629.98,2,298,151,151,0,0,suspended
1790073101,8640.02,2,298,151,151,0,0,suspended
1790073111,8650.08,2,298,151,151,0,0,suspended
1790073121,8660.12,2,300,152,152,0,0,suspended
1790073131,8670.17,2,300,152,152,0,0,suspended
1790073141,8680.22,2,302,152,152,0,0,suspended
1790073151,8690.26,2,302,152,152,0,0,suspended
1790073161,8700.32,2,302,152,152,0,0,suspended
1790073171,8710.37,2,302,152,152,0,0,suspended
1790073181,8720.42,2,305,155,154,1,1,other
1790073191,8730.47,3,306,155,155,0,0,suspended
1790073201,8740.52,3,306,155,155,0,0,suspended
1790073211,8750.58,3,306,155,155,0,0,suspended
1790073222,8760.63,3,309,157,156,1,1,active
1790073232,8770.68,3,310,157,157,0,0,suspended
1790073242,8780.72,3,310,157,157,0,0,suspended
1790073252,8790.77,3,310,157,157,0,0,suspended
1790073262,8800.82,3,310,157,157,0,0,suspended
1790073272,8810.88,3,310,157,157,0,0,suspended
1790073282,8820.92,3,312,158,158,0,0,suspended
1790073292,8830.97,3,314,159,159,0,0,suspended
1790073302,8841.02,3,314,159,159,0,0,suspended
1790073312,8851.07,3,314,159,159,0,0,suspended
1790073322,8861.12,3,314,159,159,0,0,suspended
1790073332,8871.17,3,314,159,159,0,0,suspended
1790073342,8881.22,3,314,159,159,0,0,suspended
1790073352,8891.27,3,314,159,159,0,0,suspended
1790073362,8901.32,3,314,159,159,0,0,suspended
1790073372,8911.37,3,314,159,159,0,0,suspended
1790073382,8921.42,3,314,159,159,0,0,suspended
1790073392,8931.48,3,314,159,159,0,0,suspended
1790073402,8941.53,3,314,159,159,0,0,suspended
1790073412,8951.57,3,314,159,159,0,0,suspended
1790073423,8961.62,3,314,159,159,0,0,suspended
1790073433,8971.67,3,314,159,159,0,0,suspended
1790073443,8981.72,3,314,159,159,0,0,suspended
1790073453,8991.77,3,314,159,159,0,0,suspended
1790073463,9001.82,3,314,159,159,0,0,suspended
1790073473,9011.87,3,314,159,159,0,0,suspended
1790073483,9021.91,3,314,159,159,0,0,suspended
1790073493,9031.96,3,314,159,159,0,0,suspended
1790073503,9042.01,3,314,159,159,0,0,suspended
1790073513,9052.05,3,314,159,159,0,0,suspended
1790073523,9062.10,3,314,159,159,0,0,suspended
1790073533,9072.15,3,314,159,159,0,0,suspended
1790073543,9082.20,3,314,159,159,0,0,suspended
1790073553,9092.24,3,314,159,159,0,0,suspended
1790073563,9102.29,3,314,159,159,0,0,suspended
1790073573,9112.34,3,314,159,159,0,0,suspended
1790073583,9122.39,3,314,159,159,0,0,suspended
1790073593,9132.44,3,314,159,159,0,0,suspended
1790073603,9142.49,3,314,159,159,0,0,suspended
1790073613,9152.54,3,314,159,159,0,0,suspended
1790073624,9162.59,3,314,159,159,0,0,suspended
1790073634,9172.64,3,314,159,159,0,0,suspended
1790073644,9182.69,3,314,159,159,0,0,suspended
1790073654,9192.74,3,314,159,159,0,0,suspended
1790073664,9202.79,3,314,159,159,0,0,suspended
1790073674,9212.84,3,314,159,159,0,0,suspended
1790073684,9222.89,3,314,159,159,0,0,suspended
1790073694,9232.94,3,314,159,159,0,0,suspended
1790073704,9242.99,3,314,159,159,0,0,suspended
1790073714,9253.04,3,314,159,159,0,0,suspended
1790073724,9263.08,3,314,159,159,0,0,suspended
1790073734,9273.13,3,316,160,160,0,0,suspended
1790073744,9283.18,3,316,160,160,0,0,suspended
1790073754,9293.22,3,316,160,160,0,0,suspended
1790073764,9303.28,3,317,161,161,1,1,suspended
1790073774,9313.33,3,318,161,161,0,0,suspended
1790073784,9323.37,3,318,161,161,0,0,suspended
1790073794,9333.42,3,318,161,161,0,0,suspended
1790073804,9343.47,3,318,161,161,0,0,suspended
1790073814,9353.52,3,318,161,161,0,0,suspended
1790073824,9363.57,3,318,161,161,0,0,suspended
1790073835,9373.62,3,318,161,161,0,0,suspended
1790073845,9383.67,3,318,161,161,0,0,suspended
1790073855,9393.72,3,318,161,161,0,0,suspended
1790073865,9403.77,3,318,161,161,0,0,suspended
1790073875,9413.82,3,318,161,161,0,0,suspended
1790073885,9423.87,3,318,161,161,0,0,suspended
1790073895,9433.92,3,318,161,161,0,0,suspended
1790073905,9443.96,3,318,161,161,0,0,suspended
1790073915,9454.01,3,318,161,161,0,0,suspended
1790073925,9464.06,3,318,161,161,0,0,suspended
1790073935,9474.11,3,318,161,161,0,0,suspended
1790073945,9484.16,3,318,161,161,0,0,suspended
1790073955,9494.21,3,318,161,161,0,0,suspended
1790073965,9504.26,3,318,161,161,0,0,suspended
1790073975,9514.31,3,318,161,161,0,0,suspended
1790073985,9524.35,3,318,161,161,0,0,suspended
1790073995,9534.41,3,318,161,161,0,0,suspended
1790074005,9544.45,3,318,161,161,0,0,suspended
1790074015,9554.50,3,318,161,161,0,0,suspended
1790074025,9564.54,3,318,161,161,0,0,suspended
1790074036,9574.59,3,318,161,161,0,0,suspended
1790074046,9584.64,3,318,161,161,0,0,suspended
1790074056,9594.69,3,318,161,161,0,0,suspended
1790074066,9604.73,3,318,161,161,0,0,suspended
1790074076,9614.77,3,318,161,161,0,0,suspended
1790074086,9624.82,3,319,162,161,1,1,active
1790074096,9634.87,3,320,162,162,0,0,suspended
1790074106,9644.92,3,324,164,164,0,0,suspended
1790074116,9654.98,3,324,164,164,0,0,suspended
1790074126,9665.03,3,324,164,164,0,0,suspended
1790074136,9675.07,3,324,164,164,0,0,suspended
1790074146,9685.12,3,326,165,165,0,0,suspended
1790074156,9695.17,3,328,166,166,0,0,suspended
1790074166,9705.22,3,328,166,166,0,0,suspended
1790074176,9715.27,3,328,166,166,0,0,suspended
1790074186,9725.32,3,328,166,166,0,0,suspended
1790074196,9735.37,3,328,166,166,0,0,suspended
1790074206,9745.42,3,328,166,166,0,0,suspended
1790074216,9755.47,3,328,166,166,0,0,suspended
1790074226,9765.52,3,328,166,166,0,0,suspended
1790074236,9775.57,3,328,166,166,0,0,suspended
1790074247,9785.63,3,328,166,166,0,0,suspended
1790074257,9795.67,3,328,166,166,0,0,suspended
1790074267,9805.72,3,328,166,166,0,0,suspended
1790074277,9815.77,3,328,166,166,0,0,suspended
1790074287,9825.81,3,328,166,166,0,0,suspended
1790074297,9835.86,3,328,166,166,0,0,suspended
1790074307,9845.90,3,328,166,166,0,0,suspended
1790074317,9855.95,3,328,166,166,0,0,suspended
1790074327,9866.00,3,328,166,166,0,0,suspended
1790074337,9876.04,3,328,166,166,0,0,suspended
1790074347,9886.09,3,328,166,166,0,0,suspended
1790074357,9896.14,3,328,166,166,0,0,suspended
1790074367,9906.19,3,328,166,166,0,0,suspended
1790074377,9916.24,3,328,166,166,0,0,suspended
1790074387,9926.30,3,328,166,166,0,0,suspended
1790074397,9936.35,3,328,166,166,0,0,suspended
1790074407,9946.40,3,328,166,166,0,0,suspended
1790074417,9956.44,3,328,166,166,0,0,suspended
1790074427,9966.49,3,328,166,166,0,0,suspended
1790074437,9976.54,3,328,166,166,0,0,suspended
1790074448,9986.59,3,328,166,166,0,0,suspended
1790074458,9996.64,3,328,166,166,0,0,suspended
1790074468,10006.69,3,328,166,166,0,0,suspended
1790074478,10016.74,3,328,166,166,0,0,suspended
1790074488,10026.79,3,328,166,166,0,0,suspended
1790074498,10036.84,3,328,166,166,0,0,suspended
1790074508,10046.88,3,328,166,166,0,0,suspended
1790074518,10056.93,3,328,166,166,0,0,suspended
1790074528,10066.98,3,328,166,166,0,0,suspended
1790074538,10077.02,3,328,166,166,0,0,suspended
1790074548,10087.07,3,328,166,166,0,0,suspended
1790074558,10097.12,3,328,166,166,0,0,suspended
1790074568,10107.17,3,328,166,166,0,0,suspended
1790074578,10117.22,3,328,166,166,0,0,suspended
1790074588,10127.27,3,328,166,166,0,0,suspended
1790074598,10137.32,3,328,166,166,0,0,suspended
1790074608,10147.37,3,328,166,166,0,0,suspended
1790074618,10157.41,3,328,166,166,0,0,suspended
1790074628,10167.47,3,328,166,166,0,0,suspended
1790074638,10177.52,3,328,166,166,0,0,suspended
1790074648,10187.56,3,328,166,166,0,0,suspended
1790074659,10197.61,3,328,166,166,0,0,suspended
1790074669,10207.66,3,328,166,166,0,0,suspended
1790074679,10217.71,3,328,166,166,0,0,suspended
1790074689,10227.76,3,328,166,166,0,0,suspended
1790074699,10237.80,3,330,167,167,0,0,suspended
1790074709,10247.85,3,330,167,167,0,0,suspended
1790074719,10257.90,3,330,167,167,0,0,suspended
1790074729,10267.95,3,330,167,167,0,0,suspended
1790074739,10278.00,3,330,167,167,0,0,suspended
1790074749,10288.05,3,330,167,167,0,0,suspended
1790074759,10298.11,3,330,167,167,0,0,suspended
1790074769,10308.15,3,330,167,167,0,0,suspended
1790074779,10318.20,3,332,168,168,0,0,suspended
1790074789,10328.25,3,332,168,168,0,0,suspended
1790074799,10338.30,3,332,168,168,0,0,suspended
1790074809,10348.34,3,334,169,169,0,0,suspended
1790074819,10358.39,3,334,169,169,0,0,suspended
1790074829,10368.44,3,334,169,169,0,0,suspended
1790074839,10378.49,3,334,169,169,0,0,suspended
1790074849,10388.53,3,334,169,169,0,0,suspended
1790074860,10398.58,3,334,169,169,0,0,suspended
1790074870,10408.63,3,334,169,169,0,0,suspended
1790074880,10418.68,3,334,169,169,0,0,suspended
1790074890,10428.73,3,334,169,169,0,0,suspended
1790074900,10438.78,3,334,169,169,0,0,suspended
1790074910,10448.83,3,334,169,169,0,0,suspended
1790074920,10458.88,3,334,169,169,0,0,suspended
1790074930,10468.93,3,334,169,169,0,0,suspended
1790074940,10478.98,3,334,169,169,0,0,suspended
1790074950,10489.03,3,334,169,169,0,0,suspended
1790074960,10499.08,3,334,169,169,0,0,suspended
1790074970,10509.13,3,334,169,169,0,0,suspended
1790074980,10519.17,3,334,169,169,0,0,suspended
1790074990,10529.22,3,335,170,170,1,1,suspended
1790075000,10539.27,3,336,170,170,0,0,suspended
1790075010,10549.32,3,336,170,170,0,0,suspended
1790075020,10559.36,3,338,171,171,0,0,suspended
1790075030,10569.42,3,338,171,171,0,0,suspended
1790075040,10579.47,3,338,171,171,0,0,suspended
1790075050,10589.52,3,338,171,171,0,0,suspended
1790075060,10599.57,3,338,171,171,0,0,suspended
1790075071,10609.62,3,338,171,171,0,0,suspended
1790075081,10619.67,3,338,171,171,0,0,suspended
1790075091,10629.71,3,338,171,171,0,0,suspended
1790075101,10639.76,3,338,171,171,0,0,suspended
1790075111,10649.82,3,338,171,171,0,0,suspended
1790075121,10659.87,3,338,171,171,0,0,suspended
1790075131,10669.91,3,338,171,171,0,0,suspended
1790075141,10679.95,3,338,171,171,0,0,suspended
1790075151,10690.00,3,338,171,171,0,0,suspended
1790075161,10700.05,3,338,171,171,0,0,suspended
1790075171,10710.10,3,338,171,171,0,0,suspended
1790075181,10720.15,3,338,171,171,0,0,suspended
1790075191,10730.20,3,338,171,171,0,0,suspended
1790075201,10740.25,3,338,171,171,0,0,suspended
1790075211,10750.30,3,338,171,171,0,0,suspended
1790075221,10760.34,3,338,171,171,0,0,suspended
1790075231,10770.39,3,340,172,172,0,0,suspended
1790075241,10780.44,3,340,172,172,0,0,suspended
1790075251,10790.50,3,340,172,172,0,0,suspended
1790075261,10800.54,3,340,172,172,0,0,suspended
1790075272,10810.60,3,340,172,172,0,0,suspended
1790075282,10820.64,3,340,172,172,0,0,suspended
1790075292,10830.69,3,343,174,173,1,1,active
1790075302,10840.74,3,344,174,174,0,0,suspended
1790075312,10850.78,3,344,174,174,0,0,suspended
1790075322,10860.84,3,344,174,174,0,0,suspended
1790075332,10870.89,3,344,174,174,0,0,suspended
1790075342,10880.94,3,344,174,174,0,0,suspended
1790075352,10890.98,3,344,174,174,0,0,suspended
1790075362,10901.03,3,344,174,174,0,0,suspended
1790075372,10911.08,3,344,174,174,0,0,suspended
1790075382,10921.13,3,344,174,174,0,0,suspended
1790075392,10931.17,3,344,174,174,0,0,suspended
1790075402,10941.22,3,344,174,174,0,0,suspended
1790075412,10951.27,3,344,174,174,0,0,suspended
1790075422,10961.32,3,344,174,174,0,0,suspended
1790075432,10971.37,3,344,174,174,0,0,suspended
1790075442,10981.42,3,344,174,174,0,0,suspended
1790075452,10991.46,3,344,174,174,0,0,suspended
1790075462,11001.51,3,344,174,174,0,0,suspended
1790075472,11011.56,3,344,174,174,0,0,suspended
1790075483,11021.61,3,344,174,174,0,0,suspended
1790075493,11031.66,3,344,174,174,0,0,suspended
1790075503,11041.71,3,344,174,174,0,0,suspended
1790075513,11051.76,3,344,174,174,0,0,suspended
1790075523,11061.81,3,344,174,174,0,0,suspended
1790075533,11071.85,3,344,174,174,0,0,suspended
1790075543,11081.90,3,344,174,174,0,0,suspended
1790075553,11091.95,3,344,174,174,0,0,suspended
1790075563,11102.00,3,344,174,174,0,0,suspended
1790075573,11112.05,3,344,174,174,0,0,suspended
1790075583,11122.10,3,344,174,174,0,0,suspended
1790075593,11132.15,3,344,174,174,0,0,suspended
1790075603,11142.19,3,344,174,174,0,0,suspended
1790075613,11152.24,3,344,174,174,0,0,suspended
1790075623,11162.29,3,344,174,174,0,0,suspended
1790075633,11172.34,3,344,174,174,0,0,suspended
1790075643,11182.39,3,344,174,174,0,0,suspended
1790075653,11192.44,3,344,174,174,0,0,suspended
1790075663,11202.49,3,344,174,174,0,0,suspended
1790075673,11212.54,3,344,174,174,0,0,suspended
1790075684,11222.59,3,344,174,174,0,0,suspended
1790075694,11232.64,3,344,174,174,0,0,suspended
1790075704,11242.69,3,344,174,174,0,0,suspended
1790075714,11252.74,3,344,174,174,0,0,suspended
1790075724,11262.79,3,344,174,174,0,0,suspended
1790075734,11272.84,3,344,174,174,0,0,suspended
1790075744,11282.89,3,346,175,175,0,0,suspended
1790075754,11292.94,3,346,175,175,0,0,suspended
1790075764,11302.99,3,346,175,175,0,0,suspended
1790075774,11313.04,3,346,175,175,0,0,suspended
1790075784,11323.08,3,348,176,176,0,0,suspended
1790075794,11333.13,3,348,176,176,0,0,suspended
1790075804,11343.17,3,350,177,177,0,0,suspended
1790075814,11353.22,3,350,177,177,0,0,suspended
1790075824,11363.26,3,350,177,177,0,0,suspended
1790075834,11373.31,3,350,177,177,0,0,suspended
1790075844,11383.36,3,350,177,177,0,0,suspended
1790075854,11393.41,3,350,177,177,0,0,suspended
1790075864,11403.46,3,350,177,177,0,0,suspended
1790075874,11413.51,3,352,178,178,0,0,suspended
1790075884,11423.56,3,352,178,178,0,0,suspended
1790075895,11433.60,3,353,179,179,1,1,suspended
1790075905,11443.66,3,354,179,179,0,0,suspended
1790075915,11453.71,3,354,179,179,0,0,suspended
1790075925,11463.76,3,354,179,179,0,0,suspended
1790075935,11473.80,3,358,181,181,0,0,suspended
1790075945,11483.85,3,359,182,181,1,1,active
1790075955,11493.90,3,359,183,182,1,1,active
1790075965,11503.95,3,361,184,183,1,1,active
1790075975,11514.00,3,362,184,184,0,0,suspended
1790075985,11524.04,3,362,184,184,0,0,suspended
1790075995,11534.09,3,362,184,184,0,0,suspended
1790076005,11544.14,3,364,185,185,0,0,suspended
1790076015,11554.19,3,364,185,185,0,0,suspended
1790076025,11564.23,3,364,185,185,0,0,suspended
1790076035,11574.29,3,364,185,185,0,0,suspended
1790076045,11584.34,3,364,185,185,0,0,suspended
