host_epoch,uptime,fatals,pc_timeout_count,pc_resync_count,pc_vote_tx_count,pc_unvote_tx_count,pc_ack_irq_count,pc_irq_count,pm_resume_attempts,pm_suspend_attempts,pc_state,pc_line_level,runtime_status,mm_alive,qtd_alive,iface_up
1790079088,14626.64,16,4,0,268,268,528,606,268,268,0,0,suspended,4,1,1
1790079098,14636.84,16,4,0,269,269,530,608,269,269,0,0,suspended,4,1,1
1790079108,14647.10,16,4,0,270,269,531,609,270,269,1,1,active,4,1,1
1790079118,14657.36,16,4,0,272,272,536,615,272,272,1,1,suspended,4,1,1
1790079129,14667.61,16,4,0,273,273,538,616,273,273,0,0,suspended,4,0,0
1790079139,14677.83,16,4,0,273,273,538,616,273,273,0,0,suspended,4,0,0
1790079149,14688.04,16,4,0,273,273,538,616,273,273,0,0,suspended,0,0,0
1790079159,14698.25,16,4,0,273,273,538,616,273,273,0,0,suspended,0,0,0
1790079169,14708.52,16,4,0,273,273,538,616,273,273,0,0,suspended,0,0,0
1790079180,14718.77,16,4,0,273,273,538,616,273,273,0,0,suspended,0,0,0
1790079190,14729.01,16,4,0,273,273,538,616,273,273,0,0,suspended,0,0,0
1790079200,14739.27,16,4,0,273,273,538,616,273,273,0,0,suspended,0,0,0
1790079210,14749.50,16,4,0,273,273,538,616,273,273,0,0,suspended,0,0,0
1790079221,14759.71,16,4,0,273,273,538,616,273,273,0,0,suspended,0,0,0
1790079231,14769.93,16,4,0,273,273,538,616,273,273,0,0,suspended,0,0,0
1790079241,14780.19,16,4,0,273,273,538,616,273,273,0,0,suspended,0,0,0
1790079251,14790.44,16,4,0,273,273,538,616,273,273,0,0,suspended,0,0,0
1790079262,14800.66,16,4,0,273,273,538,616,273,273,0,0,suspended,0,0,0
1790079272,14810.88,16,4,0,273,273,538,616,273,273,0,0,suspended,0,0,0
1790079282,14821.09,16,4,0,273,273,538,616,273,273,0,0,suspended,0,0,0
1790079292,14831.35,16,4,0,273,273,538,616,273,273,0,0,suspended,0,0,0
1790079303,14841.64,16,4,0,273,273,538,616,273,273,0,0,suspended,0,0,0
1790079313,14851.90,16,4,0,273,273,538,616,273,273,0,0,suspended,0,0,0
1790079323,14862.17,16,4,0,273,273,538,616,273,273,0,0,suspended,0,0,0
1790079333,14872.41,16,4,0,273,273,538,616,273,273,0,0,suspended,0,0,0
1790079344,14882.62,16,4,0,273,273,538,616,273,273,0,0,suspended,0,0,0
1790079354,14892.88,16,4,0,273,273,538,616,273,273,0,0,suspended,0,0,0
1790079364,14903.14,16,4,0,273,273,538,616,273,273,0,0,suspended,0,0,0
1790079374,14913.42,16,4,0,273,273,538,616,273,273,0,0,suspended,0,0,0
1790079385,14923.67,16,4,0,273,273,538,616,273,273,0,0,suspended,0,0,0
1790079395,14933.90,16,4,0,273,273,538,616,273,273,0,0,suspended,0,0,0
1790079405,14944.11,16,4,0,273,273,538,616,273,273,0,0,suspended,0,0,0
1790079415,14954.34,16,4,0,273,273,538,616,273,273,0,0,suspended,0,0,0
1790079426,14964.60,16,4,0,273,273,538,616,273,273,0,0,suspended,0,0,0
1790079436,14974.84,16,4,0,273,273,538,616,273,273,0,0,suspended,0,0,0
1790079446,14985.11,16,4,0,273,273,538,616,273,273,0,0,suspended,0,0,0
1790079456,14995.32,16,4,0,273,273,538,616,273,273,0,0,suspended,0,0,0
1790079467,15005.59,16,4,0,273,273,538,616,273,273,0,0,suspended,0,0,0
1790079477,15015.80,16,4,0,273,273,538,616,273,273,0,0,suspended,0,0,0
1790079487,15026.02,16,4,0,273,273,538,616,273,273,0,0,suspended,0,0,0
1790079497,15036.24,16,4,0,273,273,538,616,273,273,0,0,suspended,0,0,0
1790079507,15046.46,16,4,0,273,273,538,616,273,273,0,0,suspended,0,0,0
1790079518,15056.75,16,4,0,273,273,538,616,273,273,0,0,suspended,0,0,0
1790079528,15066.98,16,4,0,273,273,538,616,273,273,0,0,suspended,0,0,0
1790079538,15077.20,17,4,0,273,273,538,618,273,273,0,0,suspended,0,0,0
1790079548,15087.46,17,4,0,273,273,538,618,273,273,0,0,suspended,0,0,0
1790079559,15097.68,17,4,0,273,273,538,618,273,273,0,0,suspended,0,0,0
1790079569,15107.93,17,4,0,273,273,538,618,273,273,0,0,suspended,0,0,0
1790079579,15118.15,17,4,0,273,273,538,618,273,273,0,0,suspended,0,0,0
1790079589,15128.41,17,4,0,273,273,538,618,273,273,0,0,suspended,0,0,0
1790079600,15138.68,17,4,0,273,273,538,618,273,273,0,0,suspended,0,0,0
1790079610,15148.93,17,4,0,273,273,538,618,273,273,0,0,suspended,0,0,0
1790079620,15159.19,17,4,0,273,273,538,618,273,273,0,0,suspended,0,0,0
1790079630,15169.42,17,4,0,273,273,538,618,273,273,0,0,suspended,0,0,0
1790079641,15179.68,17,4,0,273,273,538,618,273,273,0,0,suspended,0,0,0
1790079651,15189.90,17,4,0,273,273,538,618,273,273,0,0,suspended,0,0,0
1790079661,15200.11,17,4,0,273,273,538,618,273,273,0,0,suspended,0,0,0
1790079671,15210.32,17,4,0,273,273,538,618,273,273,0,0,suspended,0,0,0
1790079681,15220.54,17,4,0,273,273,538,618,273,273,0,0,suspended,0,0,0
1790079692,15230.80,17,4,0,273,273,538,618,273,273,0,0,suspended,0,0,0
1790079702,15241.02,17,4,0,273,273,538,618,273,273,0,0,suspended,0,0,0
1790079712,15251.28,17,4,0,273,273,538,618,273,273,0,0,suspended,0,0,0
1790079722,15261.50,17,4,0,273,273,538,618,273,273,0,0,suspended,0,0,0
1790079733,15271.75,17,4,0,273,273,538,618,273,273,0,0,suspended,0,0,0
1790079743,15282.01,17,4,0,273,273,538,618,273,273,0,0,suspended,0,0,0
1790079753,15292.23,17,4,0,273,273,538,618,273,273,0,0,suspended,0,0,0
1790079763,15302.45,17,4,0,273,273,538,618,273,273,0,0,suspended,0,0,0
1790079774,15312.71,17,4,0,273,273,538,618,273,273,0,0,suspended,0,0,0
1790079784,15322.95,17,4,0,273,273,538,618,273,273,0,0,suspended,0,0,0
1790079794,15333.17,17,4,0,273,273,538,618,273,273,0,0,suspended,0,0,0
1790079804,15343.39,17,4,0,273,273,538,618,273,273,0,0,suspended,0,0,0
1790079815,15353.61,17,4,0,273,273,538,618,273,273,0,0,suspended,0,0,0
1790079825,15363.83,17,4,0,273,273,538,618,273,273,0,0,suspended,0,0,0
1790079835,15374.09,17,4,0,273,273,538,618,273,273,0,0,suspended,0,0,0
1790079845,15384.32,17,4,0,273,273,538,618,273,273,0,0,suspended,0,0,0
1790079856,15394.58,17,4,0,273,273,538,618,273,273,0,0,suspended,0,0,0
1790079866,15404.81,17,4,0,273,273,538,618,273,273,0,0,suspended,0,0,0
1790079876,15415.03,17,4,0,273,273,538,618,273,273,0,0,suspended,0,0,0
1790079886,15425.24,17,4,0,273,273,538,618,273,273,0,0,suspended,0,0,0
1790079896,15435.47,17,4,0,273,273,538,618,273,273,0,0,suspended,0,0,0
1790079907,15445.69,17,4,0,273,273,538,618,273,273,0,0,suspended,0,0,0
1790079917,15455.95,17,4,0,273,273,538,618,273,273,0,0,suspended,0,0,0
1790079927,15466.21,17,4,0,273,273,538,618,273,273,0,0,suspended,0,0,0
1790079937,15476.47,17,4,0,273,273,538,618,273,273,0,0,suspended,0,0,0
1790079948,15486.69,17,4,0,273,273,538,618,273,273,0,0,suspended,0,0,0
1790079958,15496.90,17,4,0,273,273,538,618,273,273,0,0,suspended,0,0,0
1790079968,15507.12,17,4,0,273,273,538,618,273,273,0,0,suspended,0,0,0
1790079978,15517.37,17,4,0,273,273,538,618,273,273,0,0,suspended,0,0,0
1790079989,15527.63,17,4,0,273,273,538,618,273,273,0,0,suspended,0,0,0
1790079999,15537.85,17,4,0,273,273,538,618,273,273,0,0,suspended,0,0,0
1790080009,15548.07,17,4,0,273,273,538,618,273,273,0,0,suspended,0,0,0
1790080019,15558.32,17,4,0,273,273,538,618,273,273,0,0,suspended,0,0,0
1790080030,15568.55,17,4,0,273,273,538,618,273,273,0,0,suspended,0,0,0
1790080040,15578.80,17,4,0,273,273,538,618,273,273,0,0,suspended,0,0,0
1790080050,15589.06,17,4,0,273,273,538,618,273,273,0,0,suspended,0,0,0
1790080060,15599.33,17,4,0,273,273,538,618,273,273,0,0,suspended,0,0,0
1790080070,15609.55,17,4,0,273,273,538,618,273,273,0,0,suspended,0,0,0
1790080081,15619.76,17,4,0,273,273,538,618,273,273,0,0,suspended,0,0,0
1790080091,15629.98,17,4,0,273,273,538,618,273,273,0,0,suspended,0,0,0
1790080101,15640.24,17,4,0,273,273,538,618,273,273,0,0,suspended,0,0,0
1790080111,15650.47,17,4,0,273,273,538,618,273,273,0,0,suspended,0,0,0
1790080122,15660.72,17,4,0,273,273,538,618,273,273,0,0,suspended,0,0,0
1790080132,15670.99,17,4,0,273,273,538,618,273,273,0,0,suspended,0,0,0
1790080142,15681.22,17,4,0,273,273,538,618,273,273,0,0,suspended,0,0,0
1790080152,15691.48,17,4,0,273,273,538,618,273,273,0,0,suspended,0,0,0
1790080163,15701.71,17,4,0,273,273,538,618,273,273,0,0,suspended,0,0,0
1790080173,15711.96,17,4,0,273,273,538,618,273,273,0,0,suspended,0,0,0
1790080183,15722.19,17,4,0,273,273,538,618,273,273,0,0,suspended,0,0,0
1790080193,15732.40,17,4,0,273,273,538,618,273,273,0,0,suspended,0,0,0
1790080204,15742.66,17,4,0,273,273,538,618,273,273,0,0,suspended,0,0,0
1790080214,15752.89,17,4,0,273,273,538,618,273,273,0,0,suspended,0,0,0
1790080224,15763.15,17,4,0,273,273,538,618,273,273,0,0,suspended,0,0,0
1790080234,15773.38,17,4,0,273,273,538,618,273,273,0,0,suspended,0,0,0
1790080245,15783.60,17,4,0,273,273,538,618,273,273,0,0,suspended,0,0,0
1790080255,15793.86,17,4,0,273,273,538,618,273,273,0,0,suspended,0,0,0
1790080265,15804.11,17,4,0,273,273,538,618,273,273,0,0,suspended,0,0,0
1790080275,15814.33,17,4,0,273,273,538,618,273,273,0,0,suspended,0,0,0
1790080286,15824.59,17,4,0,273,273,538,618,273,273,0,0,suspended,0,0,0
1790080296,15834.85,17,4,0,273,273,538,618,273,273,0,0,suspended,0,0,0
1790080306,15845.11,17,4,0,273,273,538,618,273,273,0,0,suspended,0,0,0
1790080316,15855.37,17,4,0,273,273,538,618,273,273,0,0,suspended,0,0,0
1790080327,15865.59,17,4,0,273,273,538,618,273,273,0,0,suspended,0,0,0
1790080337,15875.81,17,4,0,273,273,538,618,273,273,0,0,suspended,0,0,0
1790080347,15886.07,17,4,0,273,273,538,618,273,273,0,0,suspended,0,0,0
1790080357,15896.33,17,4,0,273,273,538,618,273,273,0,0,suspended,0,0,0
1790080368,15906.60,17,4,0,273,273,538,618,273,273,0,0,suspended,0,0,0
1790080378,15916.82,17,4,0,273,273,538,618,273,273,0,0,suspended,0,0,0
1790080388,15927.08,17,4,0,273,273,538,618,273,273,0,0,suspended,0,0,0
1790080398,15937.34,17,4,0,273,273,538,618,273,273,0,0,suspended,0,0,0
1790080409,15947.62,17,4,0,273,273,538,618,273,273,0,0,suspended,0,0,0
1790080419,15957.89,17,4,0,273,273,538,618,273,273,0,0,suspended,0,0,0
1790080429,15968.11,17,4,0,273,273,538,618,273,273,0,0,suspended,0,0,0
1790080439,15978.34,17,4,0,273,273,538,618,273,273,0,0,suspended,0,0,0
1790080450,15988.61,17,4,0,273,273,538,618,273,273,0,0,suspended,0,0,0
1790080460,15998.82,17,4,0,273,273,538,618,273,273,0,0,suspended,0,0,0
1790080470,16009.08,17,4,0,273,273,538,618,273,273,0,0,suspended,0,0,0
1790080480,16019.29,17,4,0,273,273,538,618,273,273,0,0,suspended,0,0,0
1790080491,16029.56,17,4,0,273,273,538,618,273,273,0,0,suspended,0,0,0
1790080501,16039.78,17,4,0,273,273,538,618,273,273,0,0,suspended,0,0,0
1790080511,16050.03,17,4,0,273,273,538,618,273,273,0,0,suspended,0,0,0
1790080521,16060.25,17,4,0,273,273,538,618,273,273,0,0,suspended,0,0,0
1790080531,16070.47,17,4,0,273,273,538,618,273,273,0,0,suspended,0,0,0
1790080542,16080.70,17,4,0,273,273,538,618,273,273,0,0,suspended,0,0,0
1790080552,16090.96,17,4,0,273,273,538,618,273,273,0,0,suspended,0,0,0
1790080562,16101.18,17,4,0,273,273,538,618,273,273,0,0,suspended,0,0,0
1790080572,16111.39,17,4,0,273,273,538,618,273,273,0,0,suspended,0,0,0
1790080583,16121.65,17,4,0,273,273,538,618,273,273,0,0,suspended,0,0,0
1790080593,16131.87,17,4,0,273,273,538,618,273,273,0,0,suspended,0,0,0
1790080603,16142.13,17,4,0,273,273,538,618,273,273,0,0,suspended,0,0,0
1790080613,16152.34,17,4,0,273,273,538,618,273,273,0,0,suspended,0,0,0
1790080624,16162.56,17,4,0,273,273,538,618,273,273,0,0,suspended,0,0,0
1790080634,16172.79,17,4,0,273,273,538,618,273,273,0,0,suspended,0,0,0
1790080644,16183.05,17,4,0,273,273,538,618,273,273,0,0,suspended,0,0,0
1790080654,16193.27,17,4,0,273,273,538,618,273,273,0,0,suspended,0,0,0
1790080664,16203.52,17,4,0,273,273,538,618,273,273,0,0,suspended,0,0,0
1790080675,16213.74,17,4,0,273,273,538,618,273,273,0,0,suspended,0,0,0
1790080685,16223.99,17,4,0,273,273,538,618,273,273,0,0,suspended,0,0,0
1790080695,16234.22,17,4,0,273,273,538,618,273,273,0,0,suspended,0,0,0
1790080705,16244.43,17,4,0,273,273,538,618,273,273,0,0,suspended,0,0,0
1790080716,16254.65,17,4,0,273,273,538,618,273,273,0,0,suspended,0,0,0
1790080726,16264.88,17,4,0,273,273,538,618,273,273,0,0,suspended,0,0,0
1790080736,16275.14,17,4,0,273,273,538,618,273,273,0,0,suspended,0,0,0
1790080746,16285.40,17,4,0,273,273,538,618,273,273,0,0,suspended,0,0,0
1790080757,16295.67,17,4,0,273,273,538,618,273,273,0,0,suspended,0,0,0
1790080767,16305.90,17,4,0,273,273,538,618,273,273,0,0,suspended,0,0,0
1790080777,16316.16,17,4,0,273,273,538,618,273,273,0,0,suspended,0,0,0
1790080787,16326.43,17,4,0,273,273,538,618,273,273,0,0,suspended,0,0,0
1790080798,16336.65,17,4,0,273,273,538,618,273,273,0,0,suspended,0,0,0
1790080808,16346.87,17,4,0,273,273,538,618,273,273,0,0,suspended,0,0,0
1790080818,16357.08,17,4,0,273,273,538,618,273,273,0,0,suspended,0,0,0
1790080828,16367.30,17,4,0,273,273,538,618,273,273,0,0,suspended,0,0,0
1790080838,16377.52,17,4,0,273,273,538,618,273,273,0,0,suspended,0,0,0
1790080849,16387.79,17,4,0,273,273,538,618,273,273,0,0,suspended,0,0,0
1790080859,16398.04,17,4,0,273,273,538,618,273,273,0,0,suspended,0,0,0
1790080869,16408.26,17,4,0,273,273,538,618,273,273,0,0,suspended,0,0,0
1790080879,16418.48,17,4,0,273,273,538,618,273,273,0,0,suspended,0,0,0
1790080890,16428.70,17,4,0,273,273,538,618,273,273,0,0,suspended,0,0,0
1790080900,16438.92,17,4,0,273,273,538,618,273,273,0,0,suspended,0,0,0
1790080910,16449.14,17,4,0,273,273,538,618,273,273,0,0,suspended,0,0,0
1790080920,16459.36,17,4,0,273,273,538,618,273,273,0,0,suspended,0,0,0
1790080931,16469.63,17,4,0,273,273,538,618,273,273,0,0,suspended,0,0,0
1790080941,16479.84,17,4,0,273,273,538,618,273,273,0,0,suspended,0,0,0
1790080951,16490.06,17,4,0,273,273,538,618,273,273,0,0,suspended,0,0,0
1790080961,16500.28,17,4,0,273,273,538,618,273,273,0,0,suspended,0,0,0
1790080972,16510.55,17,4,0,273,273,538,618,273,273,0,0,suspended,0,0,0
1790080982,16520.81,17,4,0,273,273,538,618,273,273,0,0,suspended,0,0,0
1790080992,16531.04,17,4,0,273,273,538,618,273,273,0,0,suspended,0,0,0
1790081002,16541.25,17,4,0,273,273,538,618,273,273,0,0,suspended,0,0,0
1790081012,16551.51,17,4,0,273,273,538,618,273,273,0,0,suspended,0,0,0
1790081023,16561.74,17,4,0,273,273,538,618,273,273,0,0,suspended,0,0,0
1790081033,16571.99,17,4,0,273,273,538,618,273,273,0,0,suspended,0,0,0
1790081043,16582.22,17,4,0,273,273,538,618,273,273,0,0,suspended,0,0,0
1790081053,16592.44,17,4,0,273,273,538,618,273,273,0,0,suspended,0,0,0
1790081064,16602.71,17,4,0,273,273,538,618,273,273,0,0,suspended,0,0,0
1790081074,16612.93,17,4,0,273,273,538,618,273,273,0,0,suspended,0,0,0
1790081084,16623.15,17,4,0,273,273,538,618,273,273,0,0,suspended,0,0,0
1790081094,16633.37,17,4,0,273,273,538,618,273,273,0,0,suspended,0,0,0
1790081105,16643.64,17,4,0,273,273,538,618,273,273,0,0,suspended,0,0,0
1790081115,16653.87,17,4,0,273,273,538,618,273,273,0,0,suspended,0,0,0
1790081125,16664.09,17,4,0,273,273,538,618,273,273,0,0,suspended,0,0,0
1790081135,16674.35,17,4,0,273,273,538,618,273,273,0,0,suspended,0,0,0
1790081146,16684.62,17,4,0,273,273,538,618,273,273,0,0,suspended,0,0,0
1790081156,16694.84,17,4,0,273,273,538,618,273,273,0,0,suspended,0,0,0
1790081166,16705.05,17,4,0,273,273,538,618,273,273,0,0,suspended,0,0,0
1790081176,16715.27,17,4,0,273,273,538,618,273,273,0,0,suspended,0,0,0
1790081186,16725.49,17,4,0,273,273,538,618,273,273,0,0,suspended,0,0,0
1790081197,16735.71,17,4,0,273,273,538,618,273,273,0,0,suspended,0,0,0
1790081207,16745.94,17,4,0,273,273,538,618,273,273,0,0,suspended,0,0,0
1790081217,16756.16,17,4,0,273,273,538,618,273,273,0,0,suspended,0,0,0
1790081227,16766.38,17,4,0,273,273,538,618,273,273,0,0,suspended,0,0,0
1790081238,16776.63,17,4,0,273,273,538,618,273,273,0,0,suspended,0,0,0
1790081248,16786.85,17,4,0,273,273,538,618,273,273,0,0,suspended,0,0,0
1790081258,16797.07,17,4,0,273,273,538,618,273,273,0,0,suspended,0,0,0
1790081268,16807.32,17,4,0,273,273,538,618,273,273,0,0,suspended,0,0,0
1790081279,16817.54,17,4,0,273,273,538,618,273,273,0,0,suspended,0,0,0
1790081289,16827.76,17,4,0,273,273,538,618,273,273,0,0,suspended,0,0,0
1790081299,16837.98,17,4,0,273,273,538,618,273,273,0,0,suspended,0,0,0
1790081309,16848.20,17,4,0,273,273,538,618,273,273,0,0,suspended,0,0,0
1790081319,16858.46,17,4,0,273,273,538,618,273,273,0,0,suspended,0,0,0
1790081330,16868.68,17,4,0,273,273,538,618,273,273,0,0,suspended,0,0,0
1790081340,16878.94,17,4,0,273,273,538,618,273,273,0,0,suspended,0,0,0
1790081350,16889.17,17,4,0,273,273,538,618,273,273,0,0,suspended,0,0,0
1790081360,16899.39,17,4,0,273,273,538,618,273,273,0,0,suspended,0,0,0
1790081371,16909.61,17,4,0,273,273,538,618,273,273,0,0,suspended,0,0,0
1790081381,16919.83,17,4,0,273,273,538,618,273,273,0,0,suspended,0,0,0
1790081391,16930.04,17,4,0,273,273,538,618,273,273,0,0,suspended,0,0,0
1790081401,16940.26,17,4,0,273,273,538,618,273,273,0,0,suspended,0,0,0
1790081411,16950.53,17,4,0,273,273,538,618,273,273,0,0,suspended,0,0,0
1790081422,16960.74,17,4,0,273,273,538,618,273,273,0,0,suspended,0,0,0
1790081432,16971.01,17,4,0,273,273,538,618,273,273,0,0,suspended,0,0,0
1790081442,16981.27,17,4,0,273,273,538,618,273,273,0,0,suspended,0,0,0
1790081452,16991.49,17,4,0,273,273,538,618,273,273,0,0,suspended,0,0,0
1790081463,17001.71,17,4,0,273,273,538,618,273,273,0,0,suspended,0,0,0
1790081473,17011.96,17,4,0,273,273,538,618,273,273,0,0,suspended,0,0,0
1790081483,17022.18,17,4,0,273,273,538,618,273,273,0,0,suspended,0,0,0
1790081493,17032.40,17,4,0,273,273,538,618,273,273,0,0,suspended,0,0,0
1790081504,17042.62,17,4,0,273,273,538,618,273,273,0,0,suspended,0,0,0
1790081514,17052.88,17,4,0,273,273,538,618,273,273,0,0,suspended,0,0,0
1790081524,17063.14,17,4,0,273,273,538,618,273,273,0,0,suspended,0,0,0
1790081534,17073.40,17,4,0,273,273,538,618,273,273,0,0,suspended,0,0,0
1790081545,17083.67,17,4,0,273,273,538,618,273,273,0,0,suspended,4,1,0
1790081555,17093.88,17,4,0,273,273,538,618,273,273,0,0,suspended,4,1,0
1790081565,17104.14,17,4,0,273,273,538,618,273,273,0,0,suspended,4,1,0
1790081575,17114.36,17,4,0,273,273,538,618,273,273,0,0,suspended,4,1,0
1790081586,17124.59,17,4,0,273,273,538,618,273,273,0,0,suspended,4,1,0
1790081596,17134.81,17,4,0,273,273,538,618,273,273,0,0,suspended,4,1,0
1790081606,17145.03,17,4,0,273,273,538,618,273,273,0,0,suspended,4,1,0
1790081616,17155.28,17,4,0,273,273,538,618,273,273,0,0,suspended,4,1,0
1790081627,17165.54,17,4,0,273,273,538,618,273,273,0,0,suspended,4,1,0
1790081637,17175.81,17,4,0,273,273,538,618,273,273,0,0,suspended,4,1,0
1790081647,17186.08,17,4,0,273,273,538,618,273,273,0,0,suspended,4,1,0
1790081657,17196.32,17,4,0,273,273,538,618,273,273,0,0,suspended,4,1,0
1790081668,17206.58,17,4,0,273,273,538,618,273,273,0,0,suspended,4,1,0
1790081678,17216.80,17,4,0,273,273,538,618,273,273,0,0,suspended,4,1,0
1790081688,17227.03,17,4,0,273,273,538,618,273,273,0,0,suspended,4,1,0
1790081698,17237.28,17,4,0,273,273,538,618,273,273,0,0,suspended,4,1,0
1790081708,17247.49,17,4,0,273,273,538,618,273,273,0,0,suspended,4,1,0
1790081719,17257.71,17,4,0,273,273,538,618,273,273,0,0,suspended,4,1,0
1790081729,17267.93,17,4,0,273,273,538,618,273,273,0,0,suspended,4,1,0
